Id_entrevistado,tarjeta,alternativa,eleccion,cobertura,espacios,captacion,costo,numtarjeta,disposicion a pagar por entrar BC ,razon si esta dispuesto a pagar,razon NO esta dispuesto a pagar,Act para sustituir cuota ,situacion laboral,ingreso,hrs tiempo libre,Sexo,Actividades que realice en BC,Actividades que realice en BC,factores limitan actividades BC
1,1,1,0,123830,0,32,0,1,0,2,0,1,2,4,20,0,4,6,1
1,1,2,1,136663,12,35,20,1,0,2,0,1,2,4,20,0,4,6,1
1,1,3,0,158050,30,40,50,1,0,2,0,1,2,4,20,0,4,6,1
1,2,1,0,123830,0,32,0,7,0,2,0,1,2,4,20,0,4,6,1
1,2,2,0,158050,12,40,20,7,0,2,0,1,2,4,20,0,4,6,1
1,2,3,1,123830,30,32,50,7,0,2,0,1,2,4,20,0,4,6,1
1,3,1,0,123830,0,32,0,11,0,2,0,1,2,4,20,0,4,6,1
1,3,2,1,123830,12,32,20,11,0,2,0,1,2,4,20,0,4,6,1
1,3,3,0,136663,0,35,0,11,0,2,0,1,2,4,20,0,4,6,1
2,1,1,0,123830,0,32,0,2,1,0,1,1,2,2,48,1,2,4,1
2,1,2,0,136663,12,35,50,2,1,0,1,1,2,2,48,1,2,4,1
2,1,3,1,158050,12,40,20,2,1,0,1,1,2,2,48,1,2,4,1
2,2,1,0,123830,0,32,0,5,1,0,1,1,2,2,48,1,2,4,1
2,2,2,1,136663,30,35,0,5,1,0,1,1,2,2,48,1,2,4,1
2,2,3,0,158050,30,40,50,5,1,0,1,1,2,2,48,1,2,4,1
2,3,1,0,123830,0,32,0,14,1,0,1,1,2,2,48,1,2,4,1
2,3,2,0,136663,0,35,20,14,1,0,1,1,2,2,48,1,2,4,1
2,3,3,1,136663,12,35,50,14,1,0,1,1,2,2,48,1,2,4,1
3,1,1,0,123830,0,32,0,7,0,2,0,1,2,2,8,1,5,6,1
3,1,2,0,158050,12,40,20,7,0,2,0,1,2,2,8,1,5,6,1
3,1,3,1,123830,30,32,50,7,0,2,0,1,2,2,8,1,5,6,1
3,2,1,0,123830,0,32,0,9,0,2,0,1,2,2,8,1,5,6,1
3,2,2,0,158050,0,40,0,9,0,2,0,1,2,2,8,1,5,6,1
3,2,3,1,158050,0,40,20,9,0,2,0,1,2,2,8,1,5,6,1
3,3,1,0,123830,0,32,0,10,0,2,0,1,2,2,8,1,5,6,1
3,3,2,1,136663,0,35,20,10,0,2,0,1,2,2,8,1,5,6,1
3,3,3,0,158050,30,40,50,10,0,2,0,1,2,2,8,1,5,6,1
4,1,1,0,123830,0,32,0,1,0,2,0,1,1,1,12,1,5,6,1
4,1,2,0,136663,12,35,20,1,0,2,0,1,1,1,12,1,5,6,1
4,1,3,1,158050,30,40,50,1,0,2,0,1,1,1,12,1,5,6,1
4,2,1,0,123830,0,32,0,3,0,2,0,1,1,1,12,1,5,6,1
4,2,2,0,136663,30,35,20,3,0,2,0,1,1,1,12,1,5,6,1
4,2,3,1,158050,0,40,0,3,0,2,0,1,1,1,12,1,5,6,1
4,3,1,0,123830,0,32,0,15,0,2,0,1,1,1,12,1,5,6,1
4,3,2,0,123830,0,32,0,15,0,2,0,1,1,1,12,1,5,6,1
4,3,3,1,123830,12,32,50,15,0,2,0,1,1,1,12,1,5,6,1
5,1,1,0,123830,0,32,0,7,0,3,0,1,3,5,1,2,1,,3
5,1,2,1,158050,12,40,20,7,0,3,0,1,3,5,1,2,1,,3
5,1,3,0,123830,30,32,50,7,0,3,0,1,3,5,1,2,1,,3
5,2,1,1,123830,0,32,0,10,0,3,0,1,3,5,1,2,1,,3
5,2,2,0,136663,0,35,20,10,0,3,0,1,3,5,1,2,1,,3
5,2,3,0,158050,30,40,50,10,0,3,0,1,3,5,1,2,1,,3
5,3,1,0,123830,0,32,0,11,0,3,0,1,3,5,1,2,1,,3
5,3,2,1,123830,12,32,20,11,0,3,0,1,3,5,1,2,1,,3
5,3,3,0,136663,0,35,0,11,0,3,0,1,3,5,1,2,1,,3
6,1,1,0,123830,0,32,0,1,0,2,0,1,2,3,8,1,4,6,3
6,1,2,1,136663,12,35,20,1,0,2,0,1,2,3,8,1,4,6,3
6,1,3,0,158050,30,40,50,1,0,2,0,1,2,3,8,1,4,6,3
6,2,1,0,123830,0,32,0,4,0,2,0,1,2,3,8,1,4,6,3
6,2,2,1,158050,0,40,20,4,0,2,0,1,2,3,8,1,4,6,3
6,2,3,0,123830,0,32,50,4,0,2,0,1,2,3,8,1,4,6,3
6,3,1,0,123830,0,32,0,5,0,2,0,1,2,3,8,1,4,6,3
6,3,2,1,136663,30,35,0,5,0,2,0,1,2,3,8,1,4,6,3
6,3,3,0,158050,30,40,50,5,0,2,0,1,2,3,8,1,4,6,3
7,1,1,0,123830,0,32,0,4,0,3,0,1,2,2,25,0,1,5,3
7,1,2,0,158050,0,40,20,4,0,3,0,1,2,2,25,0,1,5,3
7,1,3,1,123830,0,32,50,4,0,3,0,1,2,2,25,0,1,5,3
7,2,1,1,123830,0,32,0,12,0,3,0,1,2,2,25,0,1,5,3
7,2,2,0,123830,12,32,50,12,0,3,0,1,2,2,25,0,1,5,3
7,2,3,0,123830,0,32,20,12,0,3,0,1,2,2,25,0,1,5,3
7,3,1,1,123830,0,32,0,14,0,3,0,1,2,2,25,0,1,5,3
7,3,2,0,136663,0,35,20,14,0,3,0,1,2,2,25,0,1,5,3
7,3,3,0,136663,12,35,50,14,0,3,0,1,2,2,25,0,1,5,3
8,1,1,0,123830,0,32,0,3,0,2,0,3,2,3,42,1,1,2,1
8,1,2,1,136663,30,35,20,3,0,2,0,3,2,3,42,1,1,2,1
8,1,3,0,158050,0,40,0,3,0,2,0,3,2,3,42,1,1,2,1
8,2,1,0,123830,0,32,0,6,0,2,0,3,2,3,42,1,1,2,1
8,2,2,0,136663,0,35,0,6,0,2,0,3,2,3,42,1,1,2,1
8,2,3,1,136663,30,35,0,6,0,2,0,3,2,3,42,1,1,2,1
8,3,1,0,123830,0,32,0,15,0,2,0,3,2,3,42,1,1,2,1
8,3,2,0,123830,0,32,0,15,0,2,0,3,2,3,42,1,1,2,1
8,3,3,1,123830,12,32,50,15,0,2,0,3,2,3,42,1,1,2,1
9,1,1,0,123830,0,32,0,2,0,2,0,1,2,4,72,1,1,,3
9,1,2,1,136663,12,35,50,2,0,2,0,1,2,4,72,1,1,,3
9,1,3,0,158050,12,40,20,2,0,2,0,1,2,4,72,1,1,,3
9,2,1,0,123830,0,32,0,3,0,2,0,1,2,4,72,1,1,,3
9,2,2,0,136663,30,35,20,3,0,2,0,1,2,4,72,1,1,,3
9,2,3,1,158050,0,40,0,3,0,2,0,1,2,4,72,1,1,,3
9,3,1,1,123830,0,32,0,4,0,2,0,1,2,4,72,1,1,,3
9,3,2,0,158050,0,40,20,4,0,2,0,1,2,4,72,1,1,,3
9,3,3,0,123830,0,32,50,4,0,2,0,1,2,4,72,1,1,,3
10,1,1,0,123830,0,32,0,2,1,0,2,2,2,5,50,1,1,3,1
10,1,2,0,136663,12,35,50,2,1,0,2,2,2,5,50,1,1,3,1
10,1,3,1,158050,12,40,20,2,1,0,2,2,2,5,50,1,1,3,1
10,2,1,0,123830,0,32,0,3,1,0,2,2,2,5,50,1,1,3,1
10,2,2,0,136663,30,35,20,3,1,0,2,2,2,5,50,1,1,3,1
10,2,3,1,158050,0,40,0,3,1,0,2,2,2,5,50,1,1,3,1
10,3,1,0,123830,0,32,0,8,1,0,2,2,2,5,50,1,1,3,1
10,3,2,1,136663,0,35,50,8,1,0,2,2,2,5,50,1,1,3,1
10,3,3,0,123830,30,32,20,8,1,0,2,2,2,5,50,1,1,3,1
11,1,1,0,123830,0,32,0,3,0,4,0,2,2,2,50,0,4,,3
11,1,2,0,136663,30,35,20,3,0,4,0,2,2,2,50,0,4,,3
11,1,3,1,158050,0,40,0,3,0,4,0,2,2,2,50,0,4,,3
11,2,1,0,123830,0,32,0,12,0,4,0,2,2,2,50,0,4,,3
11,2,2,0,123830,12,32,50,12,0,4,0,2,2,2,50,0,4,,3
11,2,3,1,123830,0,32,20,12,0,4,0,2,2,2,50,0,4,,3
11,3,1,0,123830,0,32,0,15,0,4,0,2,2,2,50,0,4,,3
11,3,2,1,123830,0,32,0,15,0,4,0,2,2,2,50,0,4,,3
11,3,3,0,123830,12,32,50,15,0,4,0,2,2,2,50,0,4,,3
12,1,1,0,123830,0,32,0,2,0,2,0,1,3,2,10,0,2,,4
12,1,2,0,136663,12,35,50,2,0,2,0,1,3,2,10,0,2,,4
12,1,3,1,158050,12,40,20,2,0,2,0,1,3,2,10,0,2,,4
12,2,1,0,123830,0,32,0,6,0,2,0,1,3,2,10,0,2,,4
12,2,2,1,136663,0,35,0,6,0,2,0,1,3,2,10,0,2,,4
12,2,3,0,136663,30,35,0,6,0,2,0,1,3,2,10,0,2,,4
12,3,1,1,123830,0,32,0,7,0,2,0,1,3,2,10,0,2,,4
12,3,2,0,158050,12,40,20,7,0,2,0,1,3,2,10,0,2,,4
12,3,3,0,123830,30,32,50,7,0,2,0,1,3,2,10,0,2,,4
13,1,1,0,123830,0,32,0,10,0,2,0,2,1,1,,0,4,6,2
13,1,2,0,136663,0,35,20,10,0,2,0,2,1,1,,0,4,6,2
13,1,3,1,158050,30,40,50,10,0,2,0,2,1,1,,0,4,6,2
13,2,1,0,123830,0,32,0,13,0,2,0,2,1,1,,0,4,6,2
13,2,2,1,136663,12,35,50,13,0,2,0,2,1,1,,0,4,6,2
13,2,3,0,123830,12,32,0,13,0,2,0,2,1,1,,0,4,6,2
13,3,1,0,123830,0,32,0,14,0,2,0,2,1,1,,0,4,6,2
13,3,2,1,136663,0,35,20,14,0,2,0,2,1,1,,0,4,6,2
13,3,3,0,136663,12,35,50,14,0,2,0,2,1,1,,0,4,6,2
14,1,1,0,123830,0,32,0,7,0,2,0,3,2,3,60,1,1,4,3
14,1,2,0,158050,12,40,20,7,0,2,0,3,2,3,60,1,1,4,3
14,1,3,1,123830,30,32,50,7,0,2,0,3,2,3,60,1,1,4,3
14,2,1,0,123830,0,32,0,9,0,2,0,3,2,3,60,1,1,4,3
14,2,2,1,158050,0,40,0,9,0,2,0,3,2,3,60,1,1,4,3
14,2,3,0,158050,0,40,20,9,0,2,0,3,2,3,60,1,1,4,3
14,3,1,0,123830,0,32,0,15,0,2,0,3,2,3,60,1,1,4,3
14,3,2,0,123830,0,32,0,15,0,2,0,3,2,3,60,1,1,4,3
14,3,3,1,123830,12,32,50,15,0,2,0,3,2,3,60,1,1,4,3
15,1,1,0,123830,0,32,0,7,0,1,0,1,3,3,18,1,1,6,1
15,1,2,0,158050,12,40,20,7,0,1,0,1,3,3,18,1,1,6,1
15,1,3,1,123830,30,32,50,7,0,1,0,1,3,3,18,1,1,6,1
15,2,1,0,123830,0,32,0,8,0,1,0,1,3,3,18,1,1,6,1
15,2,2,0,136663,0,35,50,8,0,1,0,1,3,3,18,1,1,6,1
15,2,3,1,123830,30,32,20,8,0,1,0,1,3,3,18,1,1,6,1
15,3,1,0,123830,0,32,0,14,0,1,0,1,3,3,18,1,1,6,1
15,3,2,0,136663,0,35,20,14,0,1,0,1,3,3,18,1,1,6,1
15,3,3,1,136663,12,35,50,14,0,1,0,1,3,3,18,1,1,6,1
16,1,1,1,123830,0,32,0,1,1,0,1,1,2,1,40,0,2,4,4
16,1,2,0,136663,12,35,20,1,1,0,1,1,2,1,40,0,2,4,4
16,1,3,0,158050,30,40,50,1,1,0,1,1,2,1,40,0,2,4,4
16,2,1,0,123830,0,32,0,8,1,0,1,1,2,1,40,0,2,4,4
16,2,2,0,136663,0,35,50,8,1,0,1,1,2,1,40,0,2,4,4
16,2,3,1,123830,30,32,20,8,1,0,1,1,2,1,40,0,2,4,4
16,3,1,0,123830,0,32,0,11,1,0,1,1,2,1,40,0,2,4,4
16,3,2,1,123830,12,32,20,11,1,0,1,1,2,1,40,0,2,4,4
16,3,3,0,136663,0,35,0,11,1,0,1,1,2,1,40,0,2,4,4
17,1,1,1,123830,0,32,0,1,0,3,0,3,2,3,60,1,6,,4
17,1,2,0,136663,12,35,20,1,0,3,0,3,2,3,60,1,6,,4
17,1,3,0,158050,30,40,50,1,0,3,0,3,2,3,60,1,6,,4
17,2,1,1,123830,0,32,0,2,0,3,0,3,2,3,60,1,6,,4
17,2,2,0,136663,12,35,50,2,0,3,0,3,2,3,60,1,6,,4
17,2,3,0,158050,12,40,20,2,0,3,0,3,2,3,60,1,6,,4
17,3,1,0,123830,0,32,0,3,0,3,0,3,2,3,60,1,6,,4
17,3,2,0,136663,30,35,20,3,0,3,0,3,2,3,60,1,6,,4
17,3,3,1,158050,0,40,0,3,0,3,0,3,2,3,60,1,6,,4
18,1,1,0,123830,0,32,0,1,0,2,0,1,2,1,10,1,1,,3
18,1,2,0,136663,12,35,20,1,0,2,0,1,2,1,10,1,1,,3
18,1,3,1,158050,30,40,50,1,0,2,0,1,2,1,10,1,1,,3
18,2,1,0,123830,0,32,0,6,0,2,0,1,2,1,10,1,1,,3
18,2,2,0,136663,0,35,0,6,0,2,0,1,2,1,10,1,1,,3
18,2,3,1,136663,30,35,0,6,0,2,0,1,2,1,10,1,1,,3
18,3,1,0,123830,0,32,0,13,0,2,0,1,2,1,10,1,1,,3
18,3,2,1,136663,12,35,50,13,0,2,0,1,2,1,10,1,1,,3
18,3,3,0,123830,12,32,0,13,0,2,0,1,2,1,10,1,1,,3
19,1,1,0,123830,0,32,0,2,0,2,0,2,2,4,72,0,1,4,3
19,1,2,0,136663,12,35,50,2,0,2,0,2,2,4,72,0,1,4,3
19,1,3,1,158050,12,40,20,2,0,2,0,2,2,4,72,0,1,4,3
19,2,1,0,123830,0,32,0,11,0,2,0,2,2,4,72,0,1,4,3
19,2,2,0,123830,12,32,20,11,0,2,0,2,2,4,72,0,1,4,3
19,2,3,1,136663,0,35,0,11,0,2,0,2,2,4,72,0,1,4,3
19,3,1,0,123830,0,32,0,14,0,2,0,2,2,4,72,0,1,4,3
19,3,2,1,136663,0,35,20,14,0,2,0,2,2,4,72,0,1,4,3
19,3,3,0,136663,12,35,50,14,0,2,0,2,2,4,72,0,1,4,3
20,1,1,0,123830,0,32,0,3,1,0,4,3,2,2,25,0,5,6,3
20,1,2,0,136663,30,35,20,3,1,0,4,3,2,2,25,0,5,6,3
20,1,3,1,158050,0,40,0,3,1,0,4,3,2,2,25,0,5,6,3
20,2,1,0,123830,0,32,0,4,1,0,4,3,2,2,25,0,5,6,3
20,2,2,1,158050,0,40,20,4,1,0,4,3,2,2,25,0,5,6,3
20,2,3,0,123830,0,32,50,4,1,0,4,3,2,2,25,0,5,6,3
20,3,1,0,123830,0,32,0,8,1,0,4,3,2,2,25,0,5,6,3
20,3,2,1,136663,0,35,50,8,1,0,4,3,2,2,25,0,5,6,3
20,3,3,0,123830,30,32,20,8,1,0,4,3,2,2,25,0,5,6,3
21,1,1,0,123830,0,32,0,2,0,2,0,3,1,1,15,0,1,3,4
21,1,2,1,136663,12,35,50,2,0,2,0,3,1,1,15,0,1,3,4
21,1,3,0,158050,12,40,20,2,0,2,0,3,1,1,15,0,1,3,4
21,2,1,0,123830,0,32,0,4,0,2,0,3,1,1,15,0,1,3,4
21,2,2,1,158050,0,40,20,4,0,2,0,3,1,1,15,0,1,3,4
21,2,3,0,123830,0,32,50,4,0,2,0,3,1,1,15,0,1,3,4
21,3,1,0,123830,0,32,0,8,0,2,0,3,1,1,15,0,1,3,4
21,3,2,1,136663,0,35,50,8,0,2,0,3,1,1,15,0,1,3,4
21,3,3,0,123830,30,32,20,8,0,2,0,3,1,1,15,0,1,3,4
22,1,1,0,123830,0,32,0,5,0,2,0,1,1,1,8-12,0,2,3,4
22,1,2,1,136663,30,35,0,5,0,2,0,1,1,1,8-12,0,2,3,4
22,1,3,0,158050,30,40,50,5,0,2,0,1,1,1,8-12,0,2,3,4
22,2,1,0,123830,0,32,0,10,0,2,0,1,1,1,8-12,0,2,3,4
22,2,2,1,136663,0,35,20,10,0,2,0,1,1,1,8-12,0,2,3,4
22,2,3,0,158050,30,40,50,10,0,2,0,1,1,1,8-12,0,2,3,4
22,3,1,0,123830,0,32,0,15,0,2,0,1,1,1,8-12,0,2,3,4
22,3,2,1,123830,0,32,0,15,0,2,0,1,1,1,8-12,0,2,3,4
22,3,3,0,123830,12,32,50,15,0,2,0,1,1,1,8-12,0,2,3,4
23,1,1,0,123830,0,32,0,6,0,3,0,1,2,1,3,0,4,6,4
23,1,2,0,136663,0,35,0,6,0,3,0,1,2,1,3,0,4,6,4
23,1,3,1,136663,30,35,0,6,0,3,0,1,2,1,3,0,4,6,4
23,2,1,0,123830,0,32,0,11,0,3,0,1,2,1,3,0,4,6,4
23,2,2,1,123830,12,32,20,11,0,3,0,1,2,1,3,0,4,6,4
23,2,3,0,136663,0,35,0,11,0,3,0,1,2,1,3,0,4,6,4
23,3,1,0,123830,0,32,0,15,0,3,0,1,2,1,3,0,4,6,4
23,3,2,1,123830,0,32,0,15,0,3,0,1,2,1,3,0,4,6,4
23,3,3,0,123830,12,32,50,15,0,3,0,1,2,1,3,0,4,6,4
24,1,1,0,123830,0,32,0,7,0,2,0,1,5,1,30,0,2,4,4
24,1,2,0,158050,12,40,20,7,0,2,0,1,5,1,30,0,2,4,4
24,1,3,1,123830,30,32,50,7,0,2,0,1,5,1,30,0,2,4,4
24,2,1,0,123830,0,32,0,9,0,2,0,1,5,1,30,0,2,4,4
24,2,2,0,158050,0,40,0,9,0,2,0,1,5,1,30,0,2,4,4
24,2,3,1,158050,0,40,20,9,0,2,0,1,5,1,30,0,2,4,4
24,3,1,0,123830,0,32,0,14,0,2,0,1,5,1,30,0,2,4,4
24,3,2,1,136663,0,35,20,14,0,2,0,1,5,1,30,0,2,4,4
24,3,3,0,136663,12,35,50,14,0,2,0,1,5,1,30,0,2,4,4
25,1,1,0,123830,0,32,0,6,0,2,0,1,2,4,80,1,5,6,1
25,1,2,1,136663,0,35,0,6,0,2,0,1,2,4,80,1,5,6,1
25,1,3,0,136663,30,35,0,6,0,2,0,1,2,4,80,1,5,6,1
25,2,1,0,123830,0,32,0,9,0,2,0,1,2,4,80,1,5,6,1
25,2,2,0,158050,0,40,0,9,0,2,0,1,2,4,80,1,5,6,1
25,2,3,1,158050,0,40,20,9,0,2,0,1,2,4,80,1,5,6,1
25,3,1,0,123830,0,32,0,14,0,2,0,1,2,4,80,1,5,6,1
25,3,2,1,136663,0,35,20,14,0,2,0,1,2,4,80,1,5,6,1
25,3,3,0,136663,12,35,50,14,0,2,0,1,2,4,80,1,5,6,1
26,1,1,0,123830,0,32,0,1,1,0,1,1,2,3,Pocas,1,3,6,3
26,1,2,0,136663,12,35,20,1,1,0,1,1,2,3,Pocas,1,3,6,3
26,1,3,1,158050,30,40,50,1,1,0,1,1,2,3,Pocas,1,3,6,3
26,2,1,0,123830,0,32,0,9,1,0,1,1,2,3,Pocas,1,3,6,3
26,2,2,0,158050,0,40,0,9,1,0,1,1,2,3,Pocas,1,3,6,3
26,2,3,1,158050,0,40,20,9,1,0,1,1,2,3,Pocas,1,3,6,3
26,3,1,0,123830,0,32,0,13,1,0,1,1,2,3,Pocas,1,3,6,3
26,3,2,1,136663,12,35,50,13,1,0,1,1,2,3,Pocas,1,3,6,3
26,3,3,0,123830,12,32,0,13,1,0,1,1,2,3,Pocas,1,3,6,3
27,1,1,0,123830,0,32,0,2,0,2,0,3,2,3,24,0,5,,3
27,1,2,1,136663,12,35,50,2,0,2,0,3,2,3,24,0,5,,3
27,1,3,0,158050,12,40,20,2,0,2,0,3,2,3,24,0,5,,3
27,2,1,0,123830,0,32,0,3,0,2,0,3,2,3,24,0,5,,3
27,2,2,0,136663,30,35,20,3,0,2,0,3,2,3,24,0,5,,3
27,2,3,1,158050,0,40,0,3,0,2,0,3,2,3,24,0,5,,3
27,3,1,0,123830,0,32,0,10,0,2,0,3,2,3,24,0,5,,3
27,3,2,0,136663,0,35,20,10,0,2,0,3,2,3,24,0,5,,3
27,3,3,1,158050,30,40,50,10,0,2,0,3,2,3,24,0,5,,3
28,1,1,0,123830,0,32,0,6,1,0,5,1,2,2,24,0,1,,1
28,1,2,0,136663,0,35,0,6,1,0,5,1,2,2,24,0,1,,1
28,1,3,1,136663,30,35,0,6,1,0,5,1,2,2,24,0,1,,1
28,2,1,1,123830,0,32,0,14,1,0,5,1,2,2,24,0,1,,1
28,2,2,0,136663,0,35,20,14,1,0,5,1,2,2,24,0,1,,1
28,2,3,0,136663,12,35,50,14,1,0,5,1,2,2,24,0,1,,1
28,3,1,1,123830,0,32,0,15,1,0,5,1,2,2,24,0,1,,1
28,3,2,0,123830,0,32,0,15,1,0,5,1,2,2,24,0,1,,1
28,3,3,0,123830,12,32,50,15,1,0,5,1,2,2,24,0,1,,1
29,1,1,0,123830,0,32,0,4,0,2,0,2,2,3,10,1,6,,4
29,1,2,0,158050,0,40,20,4,0,2,0,2,2,3,10,1,6,,4
29,1,3,1,123830,0,32,50,4,0,2,0,2,2,3,10,1,6,,4
29,2,1,0,123830,0,32,0,8,0,2,0,2,2,3,10,1,6,,4
29,2,2,0,136663,0,35,50,8,0,2,0,2,2,3,10,1,6,,4
29,2,3,1,123830,30,32,20,8,0,2,0,2,2,3,10,1,6,,4
29,3,1,0,123830,0,32,0,14,0,2,0,2,2,3,10,1,6,,4
29,3,2,1,136663,0,35,20,14,0,2,0,2,2,3,10,1,6,,4
29,3,3,0,136663,12,35,50,14,0,2,0,2,2,3,10,1,6,,4
30,1,1,0,123830,0,32,0,5,0,2,0,1,5,3,50,1,2,4,1
30,1,2,0,136663,30,35,0,5,0,2,0,1,5,3,50,1,2,4,1
30,1,3,1,158050,30,40,50,5,0,2,0,1,5,3,50,1,2,4,1
30,2,1,0,123830,0,32,0,13,0,2,0,1,5,3,50,1,2,4,1
30,2,2,0,136663,12,35,50,13,0,2,0,1,5,3,50,1,2,4,1
30,2,3,1,123830,12,32,0,13,0,2,0,1,5,3,50,1,2,4,1
30,3,1,0,123830,0,32,0,15,0,2,0,1,5,3,50,1,2,4,1
30,3,2,0,123830,0,32,0,15,0,2,0,1,5,3,50,1,2,4,1
30,3,3,1,123830,12,32,50,15,0,2,0,1,5,3,50,1,2,4,1
31,1,1,0,123830,0,32,0,1,0,2,0,1,4,3,,0,1,5,3
31,1,2,1,136663,12,35,20,1,0,2,0,1,4,3,,0,1,5,3
31,1,3,0,158050,30,40,50,1,0,2,0,1,4,3,,0,1,5,3
31,2,1,0,123830,0,32,0,8,0,2,0,1,4,3,,0,1,5,3
31,2,2,1,136663,0,35,50,8,0,2,0,1,4,3,,0,1,5,3
31,2,3,0,123830,30,32,20,8,0,2,0,1,4,3,,0,1,5,3
31,3,1,0,123830,0,32,0,15,0,2,0,1,4,3,,0,1,5,3
31,3,2,1,123830,0,32,0,15,0,2,0,1,4,3,,0,1,5,3
31,3,3,0,123830,12,32,50,15,0,2,0,1,4,3,,0,1,5,3
32,1,1,0,123830,0,32,0,6,0,2,0,2,2,2,4,0,2,,4
32,1,2,0,136663,0,35,0,6,0,2,0,2,2,2,4,0,2,,4
32,1,3,1,136663,30,35,0,6,0,2,0,2,2,2,4,0,2,,4
32,2,1,0,123830,0,32,0,8,0,2,0,2,2,2,4,0,2,,4
32,2,2,1,136663,0,35,50,8,0,2,0,2,2,2,4,0,2,,4
32,2,3,0,123830,30,32,20,8,0,2,0,2,2,2,4,0,2,,4
32,3,1,0,123830,0,32,0,9,0,2,0,2,2,2,4,0,2,,4
32,3,2,0,158050,0,40,0,9,0,2,0,2,2,2,4,0,2,,4
32,3,3,1,158050,0,40,20,9,0,2,0,2,2,2,4,0,2,,4
33,1,1,0,123830,0,32,0,3,0,2,0,1,1,1,48,1,3,5,3
33,1,2,1,136663,30,35,20,3,0,2,0,1,1,1,48,1,3,5,3
33,1,3,0,158050,0,40,0,3,0,2,0,1,1,1,48,1,3,5,3
33,2,1,0,123830,0,32,0,9,0,2,0,1,1,1,48,1,3,5,3
33,2,2,0,158050,0,40,0,9,0,2,0,1,1,1,48,1,3,5,3
33,2,3,1,158050,0,40,20,9,0,2,0,1,1,1,48,1,3,5,3
33,3,1,0,123830,0,32,0,11,0,2,0,1,1,1,48,1,3,5,3
33,3,2,0,123830,12,32,20,11,0,2,0,1,1,1,48,1,3,5,3
33,3,3,1,136663,0,35,0,11,0,2,0,1,1,1,48,1,3,5,3
34,1,1,0,123830,0,32,0,2,0,2,0,1,2,5,20,1,6,,4
34,1,2,0,136663,12,35,50,2,0,2,0,1,2,5,20,1,6,,4
34,1,3,1,158050,12,40,20,2,0,2,0,1,2,5,20,1,6,,4
34,2,1,0,123830,0,32,0,5,0,2,0,1,2,5,20,1,6,,4
34,2,2,0,136663,30,35,0,5,0,2,0,1,2,5,20,1,6,,4
34,2,3,1,158050,30,40,50,5,0,2,0,1,2,5,20,1,6,,4
34,3,1,0,123830,0,32,0,6,0,2,0,1,2,5,20,1,6,,4
34,3,2,0,136663,0,35,0,6,0,2,0,1,2,5,20,1,6,,4
34,3,3,1,136663,30,35,0,6,0,2,0,1,2,5,20,1,6,,4
35,1,1,0,123830,0,32,0,1,0,2,0,1,1,2,6,1,2,6,1
35,1,2,1,136663,12,35,20,1,0,2,0,1,1,2,6,1,2,6,1
35,1,3,0,158050,30,40,50,1,0,2,0,1,1,2,6,1,2,6,1
35,2,1,0,123830,0,32,0,2,0,2,0,1,1,2,6,1,2,6,1
35,2,2,1,136663,12,35,50,2,0,2,0,1,1,2,6,1,2,6,1
35,2,3,0,158050,12,40,20,2,0,2,0,1,1,2,6,1,2,6,1
35,3,1,0,123830,0,32,0,6,0,2,0,1,1,2,6,1,2,6,1
35,3,2,1,136663,0,35,0,6,0,2,0,1,1,2,6,1,2,6,1
35,3,3,0,136663,30,35,0,6,0,2,0,1,1,2,6,1,2,6,1
36,1,1,0,123830,0,32,0,4,0,2,0,3,2,3,48,0,4,6,3
36,1,2,1,158050,0,40,20,4,0,2,0,3,2,3,48,0,4,6,3
36,1,3,0,123830,0,32,50,4,0,2,0,3,2,3,48,0,4,6,3
36,2,1,0,123830,0,32,0,7,0,2,0,3,2,3,48,0,4,6,3
36,2,2,0,158050,12,40,20,7,0,2,0,3,2,3,48,0,4,6,3
36,2,3,1,123830,30,32,50,7,0,2,0,3,2,3,48,0,4,6,3
36,3,1,0,123830,0,32,0,8,0,2,0,3,2,3,48,0,4,6,3
36,3,2,1,136663,0,35,50,8,0,2,0,3,2,3,48,0,4,6,3
36,3,3,0,123830,30,32,20,8,0,2,0,3,2,3,48,0,4,6,3
37,1,1,0,123830,0,32,0,6,0,2,0,2,5,1,Más de 10,0,1,2,1
37,1,2,0,136663,0,35,0,6,0,2,0,2,5,1,Más de 10,0,1,2,1
37,1,3,1,136663,30,35,0,6,0,2,0,2,5,1,Más de 10,0,1,2,1
37,2,1,0,123830,0,32,0,11,0,2,0,2,5,1,Más de 10,0,1,2,1
37,2,2,1,123830,12,32,20,11,0,2,0,2,5,1,Más de 10,0,1,2,1
37,2,3,0,136663,0,35,0,11,0,2,0,2,5,1,Más de 10,0,1,2,1
37,3,1,0,123830,0,32,0,14,0,2,0,2,5,1,Más de 10,0,1,2,1
37,3,2,1,136663,0,35,20,14,0,2,0,2,5,1,Más de 10,0,1,2,1
37,3,3,0,136663,12,35,50,14,0,2,0,2,5,1,Más de 10,0,1,2,1
38,1,1,0,123830,0,32,0,2,0,2,0,1,2,5,128,1,1,4,2
38,1,2,0,136663,12,35,50,2,0,2,0,1,2,5,128,1,1,4,2
38,1,3,1,158050,12,40,20,2,0,2,0,1,2,5,128,1,1,4,2
38,2,1,0,123830,0,32,0,5,0,2,0,1,2,5,128,1,1,4,2
38,2,2,1,136663,30,35,0,5,0,2,0,1,2,5,128,1,1,4,2
38,2,3,0,158050,30,40,50,5,0,2,0,1,2,5,128,1,1,4,2
38,3,1,0,123830,0,32,0,11,0,2,0,1,2,5,128,1,1,4,2
38,3,2,0,123830,12,32,20,11,0,2,0,1,2,5,128,1,1,4,2
38,3,3,1,136663,0,35,0,11,0,2,0,1,2,5,128,1,1,4,2
39,1,1,0,123830,0,32,0,11,0,2,0,2,2,3,10,1,1,4,3
39,1,2,0,123830,12,32,20,11,0,2,0,2,2,3,10,1,1,4,3
39,1,3,1,136663,0,35,0,11,0,2,0,2,2,3,10,1,1,4,3
39,2,1,0,123830,0,32,0,14,0,2,0,2,2,3,10,1,1,4,3
39,2,2,1,136663,0,35,20,14,0,2,0,2,2,3,10,1,1,4,3
39,2,3,0,136663,12,35,50,14,0,2,0,2,2,3,10,1,1,4,3
39,3,1,0,123830,0,32,0,15,0,2,0,2,2,3,10,1,1,4,3
39,3,2,0,123830,0,32,0,15,0,2,0,2,2,3,10,1,1,4,3
39,3,3,1,123830,12,32,50,15,0,2,0,2,2,3,10,1,1,4,3
40,1,1,0,123830,0,32,0,1,0,2,0,3,2,4,4,1,1,6,4
40,1,2,0,136663,12,35,20,1,0,2,0,3,2,4,4,1,1,6,4
40,1,3,1,158050,30,40,50,1,0,2,0,3,2,4,4,1,1,6,4
40,2,1,0,123830,0,32,0,9,0,2,0,3,2,4,4,1,1,6,4
40,2,2,1,158050,0,40,0,9,0,2,0,3,2,4,4,1,1,6,4
40,2,3,0,158050,0,40,20,9,0,2,0,3,2,4,4,1,1,6,4
40,3,1,0,123830,0,32,0,10,0,2,0,3,2,4,4,1,1,6,4
40,3,2,0,136663,0,35,20,10,0,2,0,3,2,4,4,1,1,6,4
40,3,3,1,158050,30,40,50,10,0,2,0,3,2,4,4,1,1,6,4
41,1,1,0,123830,0,32,0,3,0,2,0,3,5,5,10,0,3,4,1
41,1,2,0,136663,30,35,20,3,0,2,0,3,5,5,10,0,3,4,1
41,1,3,1,158050,0,40,0,3,0,2,0,3,5,5,10,0,3,4,1
41,2,1,0,123830,0,32,0,7,0,2,0,3,5,5,10,0,3,4,1
41,2,2,0,158050,12,40,20,7,0,2,0,3,5,5,10,0,3,4,1
41,2,3,1,123830,30,32,50,7,0,2,0,3,5,5,10,0,3,4,1
41,3,1,0,123830,0,32,0,14,0,2,0,3,5,5,10,0,3,4,1
41,3,2,1,136663,0,35,20,14,0,2,0,3,5,5,10,0,3,4,1
41,3,3,0,136663,12,35,50,14,0,2,0,3,5,5,10,0,3,4,1
42,1,1,1,123830,0,32,0,2,0,2,0,3,2,2,40,1,2,6,4
42,1,2,0,136663,12,35,50,2,0,2,0,3,2,2,40,1,2,6,4
42,1,3,0,158050,12,40,20,2,0,2,0,3,2,2,40,1,2,6,4
42,2,1,1,123830,0,32,0,7,0,2,0,3,2,2,40,1,2,6,4
42,2,2,0,158050,12,40,20,7,0,2,0,3,2,2,40,1,2,6,4
42,2,3,0,123830,30,32,50,7,0,2,0,3,2,2,40,1,2,6,4
42,3,1,1,123830,0,32,0,14,0,2,0,3,2,2,40,1,2,6,4
42,3,2,0,136663,0,35,20,14,0,2,0,3,2,2,40,1,2,6,4
42,3,3,0,136663,12,35,50,14,0,2,0,3,2,2,40,1,2,6,4
43,1,1,0,123830,0,32,0,5,1,0,2,3,2,5,25,1,1,5,2
43,1,2,1,136663,30,35,0,5,1,0,2,3,2,5,25,1,1,5,2
43,1,3,0,158050,30,40,50,5,1,0,2,3,2,5,25,1,1,5,2
43,2,1,0,123830,0,32,0,9,1,0,2,3,2,5,25,1,1,5,2
43,2,2,1,158050,0,40,0,9,1,0,2,3,2,5,25,1,1,5,2
43,2,3,0,158050,0,40,20,9,1,0,2,3,2,5,25,1,1,5,2
43,3,1,0,123830,0,32,0,10,1,0,2,3,2,5,25,1,1,5,2
43,3,2,1,136663,0,35,20,10,1,0,2,3,2,5,25,1,1,5,2
43,3,3,0,158050,30,40,50,10,1,0,2,3,2,5,25,1,1,5,2
44,1,1,0,123830,0,32,0,2,0,2,0,2,1,1,12,1,2,6,3
44,1,2,0,136663,12,35,50,2,0,2,0,2,1,1,12,1,2,6,3
44,1,3,1,158050,12,40,20,2,0,2,0,2,1,1,12,1,2,6,3
44,2,1,0,123830,0,32,0,11,0,2,0,2,1,1,12,1,2,6,3
44,2,2,0,123830,12,32,20,11,0,2,0,2,1,1,12,1,2,6,3
44,2,3,1,136663,0,35,0,11,0,2,0,2,1,1,12,1,2,6,3
44,3,1,0,123830,0,32,0,15,0,2,0,2,1,1,12,1,2,6,3
44,3,2,0,123830,0,32,0,15,0,2,0,2,1,1,12,1,2,6,3
44,3,3,1,123830,12,32,50,15,0,2,0,2,1,1,12,1,2,6,3
45,1,1,1,123830,0,32,0,1,0,2,0,3,3,2,40,0,4,6,3
45,1,2,0,136663,12,35,20,1,0,2,0,3,3,2,40,0,4,6,3
45,1,3,0,158050,30,40,50,1,0,2,0,3,3,2,40,0,4,6,3
45,2,1,1,123830,0,32,0,5,0,2,0,3,3,2,40,0,4,6,3
45,2,2,0,136663,30,35,0,5,0,2,0,3,3,2,40,0,4,6,3
45,2,3,0,158050,30,40,50,5,0,2,0,3,3,2,40,0,4,6,3
45,3,1,1,123830,0,32,0,14,0,2,0,3,3,2,40,0,4,6,3
45,3,2,0,136663,0,35,20,14,0,2,0,3,3,2,40,0,4,6,3
45,3,3,0,136663,12,35,50,14,0,2,0,3,3,2,40,0,4,6,3
46,1,1,0,123830,0,32,0,3,1,0,1,1,2,2,25,0,1,5,3
46,1,2,0,136663,30,35,20,3,1,0,1,1,2,2,25,0,1,5,3
46,1,3,1,158050,0,40,0,3,1,0,1,1,2,2,25,0,1,5,3
46,2,1,0,123830,0,32,0,10,1,0,1,1,2,2,25,0,1,5,3
46,2,2,1,136663,0,35,20,10,1,0,1,1,2,2,25,0,1,5,3
46,2,3,0,158050,30,40,50,10,1,0,1,1,2,2,25,0,1,5,3
46,3,1,0,123830,0,32,0,14,1,0,1,1,2,2,25,0,1,5,3
46,3,2,1,136663,0,35,20,14,1,0,1,1,2,2,25,0,1,5,3
46,3,3,0,136663,12,35,50,14,1,0,1,1,2,2,25,0,1,5,3
47,1,1,0,123830,0,32,0,2,0,2,0,1,2,3,48,1,6,,1
47,1,2,1,136663,12,35,50,2,0,2,0,1,2,3,48,1,6,,1
47,1,3,0,158050,12,40,20,2,0,2,0,1,2,3,48,1,6,,1
47,2,1,0,123830,0,32,0,4,0,2,0,1,2,3,48,1,6,,1
47,2,2,1,158050,0,40,20,4,0,2,0,1,2,3,48,1,6,,1
47,2,3,0,123830,0,32,50,4,0,2,0,1,2,3,48,1,6,,1
47,3,1,0,123830,0,32,0,15,0,2,0,1,2,3,48,1,6,,1
47,3,2,0,123830,0,32,0,15,0,2,0,1,2,3,48,1,6,,1
47,3,3,1,123830,12,32,50,15,0,2,0,1,2,3,48,1,6,,1
48,1,1,0,123830,0,32,0,4,0,2,0,3,2,3,20,1,4,6,3
48,1,2,0,158050,0,40,20,4,0,2,0,3,2,3,20,1,4,6,3
48,1,3,1,123830,0,32,50,4,0,2,0,3,2,3,20,1,4,6,3
48,2,1,0,123830,0,32,0,11,0,2,0,3,2,3,20,1,4,6,3
48,2,2,0,123830,12,32,20,11,0,2,0,3,2,3,20,1,4,6,3
48,2,3,1,136663,0,35,0,11,0,2,0,3,2,3,20,1,4,6,3
48,3,1,0,123830,0,32,0,15,0,2,0,3,2,3,20,1,4,6,3
48,3,2,0,123830,0,32,0,15,0,2,0,3,2,3,20,1,4,6,3
48,3,3,1,123830,12,32,50,15,0,2,0,3,2,3,20,1,4,6,3
49,1,1,0,123830,0,32,0,6,0,2,0,1,2,2,30,0,4,5,3
49,1,2,0,136663,0,35,0,6,0,2,0,1,2,2,30,0,4,5,3
49,1,3,1,136663,30,35,0,6,0,2,0,1,2,2,30,0,4,5,3
49,2,1,0,123830,0,32,0,11,0,2,0,1,2,2,30,0,4,5,3
49,2,2,0,123830,12,32,20,11,0,2,0,1,2,2,30,0,4,5,3
49,2,3,1,136663,0,35,0,11,0,2,0,1,2,2,30,0,4,5,3
49,3,1,0,123830,0,32,0,13,0,2,0,1,2,2,30,0,4,5,3
49,3,2,1,136663,12,35,50,13,0,2,0,1,2,2,30,0,4,5,3
49,3,3,0,123830,12,32,0,13,0,2,0,1,2,2,30,0,4,5,3
50,1,1,0,123830,0,32,0,2,0,2,0,2,2,2,20,0,2,4,3
50,1,2,1,136663,12,35,50,2,0,2,0,2,2,2,20,0,2,4,3
50,1,3,0,158050,12,40,20,2,0,2,0,2,2,2,20,0,2,4,3
50,2,1,0,123830,0,32,0,9,0,2,0,2,2,2,20,0,2,4,3
50,2,2,0,158050,0,40,0,9,0,2,0,2,2,2,20,0,2,4,3
50,2,3,1,158050,0,40,20,9,0,2,0,2,2,2,20,0,2,4,3
50,3,1,0,123830,0,32,0,13,0,2,0,2,2,2,20,0,2,4,3
50,3,2,0,136663,12,35,50,13,0,2,0,2,2,2,20,0,2,4,3
50,3,3,1,123830,12,32,0,13,0,2,0,2,2,2,20,0,2,4,3
51,1,1,0,123830,0,32,0,5,1,0,4,1,2,1,20,0,2,6,4
51,1,2,0,136663,30,35,0,5,1,0,4,1,2,1,20,0,2,6,4
51,1,3,1,158050,30,40,50,5,1,0,4,1,2,1,20,0,2,6,4
51,2,1,0,123830,0,32,0,7,1,0,4,1,2,1,20,0,2,6,4
51,2,2,0,158050,12,40,20,7,1,0,4,1,2,1,20,0,2,6,4
51,2,3,1,123830,30,32,50,7,1,0,4,1,2,1,20,0,2,6,4
51,3,1,0,123830,0,32,0,13,1,0,4,1,2,1,20,0,2,6,4
51,3,2,1,136663,12,35,50,13,1,0,4,1,2,1,20,0,2,6,4
51,3,3,0,123830,12,32,0,13,1,0,4,1,2,1,20,0,2,6,4
52,1,1,0,123830,0,32,0,7,1,0,1,1,2,2,10,1,1,2,1
52,1,2,0,158050,12,40,20,7,1,0,1,1,2,2,10,1,1,2,1
52,1,3,1,123830,30,32,50,7,1,0,1,1,2,2,10,1,1,2,1
52,2,1,0,123830,0,32,0,10,1,0,1,1,2,2,10,1,1,2,1
52,2,2,1,136663,0,35,20,10,1,0,1,1,2,2,10,1,1,2,1
52,2,3,0,158050,30,40,50,10,1,0,1,1,2,2,10,1,1,2,1
52,3,1,0,123830,0,32,0,11,1,0,1,1,2,2,10,1,1,2,1
52,3,2,1,123830,12,32,20,11,1,0,1,1,2,2,10,1,1,2,1
52,3,3,0,136663,0,35,0,11,1,0,1,1,2,2,10,1,1,2,1
53,1,1,0,123830,0,32,0,4,0,2,0,1,2,3,20,0,4,6,3
53,1,2,0,158050,0,40,20,4,0,2,0,1,2,3,20,0,4,6,3
53,1,3,1,123830,0,32,50,4,0,2,0,1,2,3,20,0,4,6,3
53,2,1,0,123830,0,32,0,8,0,2,0,1,2,3,20,0,4,6,3
53,2,2,1,136663,0,35,50,8,0,2,0,1,2,3,20,0,4,6,3
53,2,3,0,123830,30,32,20,8,0,2,0,1,2,3,20,0,4,6,3
53,3,1,0,123830,0,32,0,12,0,2,0,1,2,3,20,0,4,6,3
53,3,2,0,123830,12,32,50,12,0,2,0,1,2,3,20,0,4,6,3
53,3,3,1,123830,0,32,20,12,0,2,0,1,2,3,20,0,4,6,3
54,1,1,0,123830,0,32,0,7,1,0,4,3,2,1,4,0,2,6,4
54,1,2,0,158050,12,40,20,7,1,0,4,3,2,1,4,0,2,6,4
54,1,3,1,123830,30,32,50,7,1,0,4,3,2,1,4,0,2,6,4
54,2,1,0,123830,0,32,0,10,1,0,4,3,2,1,4,0,2,6,4
54,2,2,1,136663,0,35,20,10,1,0,4,3,2,1,4,0,2,6,4
54,2,3,0,158050,30,40,50,10,1,0,4,3,2,1,4,0,2,6,4
54,3,1,1,123830,0,32,0,15,1,0,4,3,2,1,4,0,2,6,4
54,3,2,0,123830,0,32,0,15,1,0,4,3,2,1,4,0,2,6,4
54,3,3,0,123830,12,32,50,15,1,0,4,3,2,1,4,0,2,6,4
55,1,1,0,123830,0,32,0,3,0,2,0,3,1,2,44,1,2,3,4
55,1,2,0,136663,30,35,20,3,0,2,0,3,1,2,44,1,2,3,4
55,1,3,1,158050,0,40,0,3,0,2,0,3,1,2,44,1,2,3,4
55,2,1,0,123830,0,32,0,5,0,2,0,3,1,2,44,1,2,3,4
55,2,2,1,136663,30,35,0,5,0,2,0,3,1,2,44,1,2,3,4
55,2,3,0,158050,30,40,50,5,0,2,0,3,1,2,44,1,2,3,4
55,3,1,0,123830,0,32,0,15,0,2,0,3,1,2,44,1,2,3,4
55,3,2,1,123830,0,32,0,15,0,2,0,3,1,2,44,1,2,3,4
55,3,3,0,123830,12,32,50,15,0,2,0,3,1,2,44,1,2,3,4
56,1,1,0,123830,0,32,0,2,0,2,0,2,2,3,2,1,1,3,4
56,1,2,0,136663,12,35,50,2,0,2,0,2,2,3,2,1,1,3,4
56,1,3,1,158050,12,40,20,2,0,2,0,2,2,3,2,1,1,3,4
56,2,1,0,123830,0,32,0,11,0,2,0,2,2,3,2,1,1,3,4
56,2,2,0,123830,12,32,20,11,0,2,0,2,2,3,2,1,1,3,4
56,2,3,1,136663,0,35,0,11,0,2,0,2,2,3,2,1,1,3,4
56,3,1,0,123830,0,32,0,13,0,2,0,2,2,3,2,1,1,3,4
56,3,2,0,136663,12,35,50,13,0,2,0,2,2,3,2,1,1,3,4
56,3,3,1,123830,12,32,0,13,0,2,0,2,2,3,2,1,1,3,4
57,1,1,0,123830,0,32,0,4,0,2,0,1,2,2,48,0,3,4,3
57,1,2,1,158050,0,40,20,4,0,2,0,1,2,2,48,0,3,4,3
57,1,3,0,123830,0,32,50,4,0,2,0,1,2,2,48,0,3,4,3
57,2,1,0,123830,0,32,0,11,0,2,0,1,2,2,48,0,3,4,3
57,2,2,0,123830,12,32,20,11,0,2,0,1,2,2,48,0,3,4,3
57,2,3,1,136663,0,35,0,11,0,2,0,1,2,2,48,0,3,4,3
57,3,1,0,123830,0,32,0,12,0,2,0,1,2,2,48,0,3,4,3
57,3,2,1,123830,12,32,50,12,0,2,0,1,2,2,48,0,3,4,3
57,3,3,0,123830,0,32,20,12,0,2,0,1,2,2,48,0,3,4,3
58,1,1,0,123830,0,32,0,7,0,2,0,1,2,3,15,1,1,4,4
58,1,2,0,158050,12,40,20,7,0,2,0,1,2,3,15,1,1,4,4
58,1,3,1,123830,30,32,50,7,0,2,0,1,2,3,15,1,1,4,4
58,2,1,0,123830,0,32,0,8,0,2,0,1,2,3,15,1,1,4,4
58,2,2,1,136663,0,35,50,8,0,2,0,1,2,3,15,1,1,4,4
58,2,3,0,123830,30,32,20,8,0,2,0,1,2,3,15,1,1,4,4
58,3,1,0,123830,0,32,0,11,0,2,0,1,2,3,15,1,1,4,4
58,3,2,0,123830,12,32,20,11,0,2,0,1,2,3,15,1,1,4,4
58,3,3,1,136663,0,35,0,11,0,2,0,1,2,3,15,1,1,4,4
59,1,1,0,123830,0,32,0,8,1,0,3,2,2,2,16,0,2,4,3
59,1,2,1,136663,0,35,50,8,1,0,3,2,2,2,16,0,2,4,3
59,1,3,0,123830,30,32,20,8,1,0,3,2,2,2,16,0,2,4,3
59,2,1,1,123830,0,32,0,13,1,0,3,2,2,2,16,0,2,4,3
59,2,2,0,136663,12,35,50,13,1,0,3,2,2,2,16,0,2,4,3
59,2,3,0,123830,12,32,0,13,1,0,3,2,2,2,16,0,2,4,3
59,3,1,1,123830,0,32,0,15,1,0,3,2,2,2,16,0,2,4,3
59,3,2,0,123830,0,32,0,15,1,0,3,2,2,2,16,0,2,4,3
59,3,3,0,123830,12,32,50,15,1,0,3,2,2,2,16,0,2,4,3
60,1,1,0,123830,0,32,0,5,1,0,1,2,3,2,20,0,4,,4
60,1,2,1,136663,30,35,0,5,1,0,1,2,3,2,20,0,4,,4
60,1,3,0,158050,30,40,50,5,1,0,1,2,3,2,20,0,4,,4
60,2,1,0,123830,0,32,0,6,1,0,1,2,3,2,20,0,4,,4
60,2,2,1,136663,0,35,0,6,1,0,1,2,3,2,20,0,4,,4
60,2,3,0,136663,30,35,0,6,1,0,1,2,3,2,20,0,4,,4
60,3,1,0,123830,0,32,0,14,1,0,1,2,3,2,20,0,4,,4
60,3,2,1,136663,0,35,20,14,1,0,1,2,3,2,20,0,4,,4
60,3,3,0,136663,12,35,50,14,1,0,1,2,3,2,20,0,4,,4
61,1,1,0,123830,0,32,0,7,0,2,0,2,2,2,20,1,2,3,4
61,1,2,0,158050,12,40,20,7,0,2,0,2,2,2,20,1,2,3,4
61,1,3,1,123830,30,32,50,7,0,2,0,2,2,2,20,1,2,3,4
61,2,1,0,123830,0,32,0,9,0,2,0,2,2,2,20,1,2,3,4
61,2,2,1,158050,0,40,0,9,0,2,0,2,2,2,20,1,2,3,4
61,2,3,0,158050,0,40,20,9,0,2,0,2,2,2,20,1,2,3,4
61,3,1,0,123830,0,32,0,10,0,2,0,2,2,2,20,1,2,3,4
61,3,2,0,136663,0,35,20,10,0,2,0,2,2,2,20,1,2,3,4
61,3,3,1,158050,30,40,50,10,0,2,0,2,2,2,20,1,2,3,4
62,1,1,0,123830,0,32,0,2,1,0,4,2,3,5,10,1,2,,3
62,1,2,1,136663,12,35,50,2,1,0,4,2,3,5,10,1,2,,3
62,1,3,0,158050,12,40,20,2,1,0,4,2,3,5,10,1,2,,3
62,2,1,1,123830,0,32,0,9,1,0,4,2,3,5,10,1,2,,3
62,2,2,0,158050,0,40,0,9,1,0,4,2,3,5,10,1,2,,3
62,2,3,0,158050,0,40,20,9,1,0,4,2,3,5,10,1,2,,3
62,3,1,0,123830,0,32,0,11,1,0,4,2,3,5,10,1,2,,3
62,3,2,1,123830,12,32,20,11,1,0,4,2,3,5,10,1,2,,3
62,3,3,0,136663,0,35,0,11,1,0,4,2,3,5,10,1,2,,3
63,1,1,0,123830,0,32,0,7,0,4,0,3,2,2,42,1,2,,4
63,1,2,1,158050,12,40,20,7,0,4,0,3,2,2,42,1,2,,4
63,1,3,0,123830,30,32,50,7,0,4,0,3,2,2,42,1,2,,4
63,2,1,0,123830,0,32,0,11,0,4,0,3,2,2,42,1,2,,4
63,2,2,0,123830,12,32,20,11,0,4,0,3,2,2,42,1,2,,4
63,2,3,1,136663,0,35,0,11,0,4,0,3,2,2,42,1,2,,4
63,3,1,0,123830,0,32,0,13,0,4,0,3,2,2,42,1,2,,4
63,3,2,0,136663,12,35,50,13,0,4,0,3,2,2,42,1,2,,4
63,3,3,1,123830,12,32,0,13,0,4,0,3,2,2,42,1,2,,4
64,1,1,0,123830,0,32,0,6,0,2,0,3,2,3,30,0,2,6,3
64,1,2,0,136663,0,35,0,6,0,2,0,3,2,3,30,0,2,6,3
64,1,3,1,136663,30,35,0,6,0,2,0,3,2,3,30,0,2,6,3
64,2,1,0,123830,0,32,0,10,0,2,0,3,2,3,30,0,2,6,3
64,2,2,0,136663,0,35,20,10,0,2,0,3,2,3,30,0,2,6,3
64,2,3,1,158050,30,40,50,10,0,2,0,3,2,3,30,0,2,6,3
64,3,1,0,123830,0,32,0,12,0,2,0,3,2,3,30,0,2,6,3
64,3,2,0,123830,12,32,50,12,0,2,0,3,2,3,30,0,2,6,3
64,3,3,1,123830,0,32,20,12,0,2,0,3,2,3,30,0,2,6,3
65,1,1,0,123830,0,32,0,5,0,2,0,1,2,3,25,0,2,6,3
65,1,2,1,136663,30,35,0,5,0,2,0,1,2,3,25,0,2,6,3
65,1,3,0,158050,30,40,50,5,0,2,0,1,2,3,25,0,2,6,3
65,2,1,0,123830,0,32,0,6,0,2,0,1,2,3,25,0,2,6,3
65,2,2,1,136663,0,35,0,6,0,2,0,1,2,3,25,0,2,6,3
65,2,3,0,136663,30,35,0,6,0,2,0,1,2,3,25,0,2,6,3
65,3,1,0,123830,0,32,0,9,0,2,0,1,2,3,25,0,2,6,3
65,3,2,0,158050,0,40,0,9,0,2,0,1,2,3,25,0,2,6,3
65,3,3,1,158050,0,40,20,9,0,2,0,1,2,3,25,0,2,6,3
66,1,1,0,123830,0,32,0,7,0,2,0,3,4,1,16,0,2,6,
66,1,2,0,158050,12,40,20,7,0,2,0,3,4,1,16,0,2,6,
66,1,3,1,123830,30,32,50,7,0,2,0,3,4,1,16,0,2,6,
66,2,1,0,123830,0,32,0,11,0,2,0,3,4,1,16,0,2,6,
66,2,2,1,123830,12,32,20,11,0,2,0,3,4,1,16,0,2,6,
66,2,3,0,136663,0,35,0,11,0,2,0,3,4,1,16,0,2,6,
66,3,1,0,123830,0,32,0,15,0,2,0,3,4,1,16,0,2,6,
66,3,2,1,123830,0,32,0,15,0,2,0,3,4,1,16,0,2,6,
66,3,3,0,123830,12,32,50,15,0,2,0,3,4,1,16,0,2,6,
67,1,1,1,123830,0,32,0,4,1,0,5,1,3,1,46,0,3,6,2
67,1,2,0,158050,0,40,20,4,1,0,5,1,3,1,46,0,3,6,2
67,1,3,0,123830,0,32,50,4,1,0,5,1,3,1,46,0,3,6,2
67,2,1,1,123830,0,32,0,9,1,0,5,1,3,1,46,0,3,6,2
67,2,2,0,158050,0,40,0,9,1,0,5,1,3,1,46,0,3,6,2
67,2,3,0,158050,0,40,20,9,1,0,5,1,3,1,46,0,3,6,2
67,3,1,1,123830,0,32,0,14,1,0,5,1,3,1,46,0,3,6,2
67,3,2,0,136663,0,35,20,14,1,0,5,1,3,1,46,0,3,6,2
67,3,3,0,136663,12,35,50,14,1,0,5,1,3,1,46,0,3,6,2
68,1,1,0,123830,0,32,0,10,0,2,0,3,1,1,6,0,3,6,3
68,1,2,1,136663,0,35,20,10,0,2,0,3,1,1,6,0,3,6,3
68,1,3,0,158050,30,40,50,10,0,2,0,3,1,1,6,0,3,6,3
68,2,1,0,123830,0,32,0,11,0,2,0,3,1,1,6,0,3,6,3
68,2,2,1,123830,12,32,20,11,0,2,0,3,1,1,6,0,3,6,3
68,2,3,0,136663,0,35,0,11,0,2,0,3,1,1,6,0,3,6,3
68,3,1,0,123830,0,32,0,15,0,2,0,3,1,1,6,0,3,6,3
68,3,2,0,123830,0,32,0,15,0,2,0,3,1,1,6,0,3,6,3
68,3,3,1,123830,12,32,50,15,0,2,0,3,1,1,6,0,3,6,3
69,1,1,0,123830,0,32,0,6,0,2,0,1,2,2,40,0,2,4,4
69,1,2,1,136663,0,35,0,6,0,2,0,1,2,2,40,0,2,4,4
69,1,3,0,136663,30,35,0,6,0,2,0,1,2,2,40,0,2,4,4
69,2,1,0,123830,0,32,0,8,0,2,0,1,2,2,40,0,2,4,4
69,2,2,0,136663,0,35,50,8,0,2,0,1,2,2,40,0,2,4,4
69,2,3,1,123830,30,32,20,8,0,2,0,1,2,2,40,0,2,4,4
69,3,1,0,123830,0,32,0,13,0,2,0,1,2,2,40,0,2,4,4
69,3,2,1,136663,12,35,50,13,0,2,0,1,2,2,40,0,2,4,4
69,3,3,0,123830,12,32,0,13,0,2,0,1,2,2,40,0,2,4,4
70,1,1,1,123830,0,32,0,5,1,0,5,1,4,1,15,2,2,6,4
70,1,2,0,136663,30,35,0,5,1,0,5,1,4,1,15,2,2,6,4
70,1,3,0,158050,30,40,50,5,1,0,5,1,4,1,15,2,2,6,4
70,2,1,0,123830,0,32,0,10,1,0,5,1,4,1,15,2,2,6,4
70,2,2,1,136663,0,35,20,10,1,0,5,1,4,1,15,2,2,6,4
70,2,3,0,158050,30,40,50,10,1,0,5,1,4,1,15,2,2,6,4
70,3,1,1,123830,0,32,0,15,1,0,5,1,4,1,15,2,2,6,4
70,3,2,0,123830,0,32,0,15,1,0,5,1,4,1,15,2,2,6,4
70,3,3,0,123830,12,32,50,15,1,0,5,1,4,1,15,2,2,6,4
71,1,1,1,123830,0,32,0,2,1,0,4,1,2,3,15,0,3,5,3
71,1,2,0,136663,12,35,50,2,1,0,4,1,2,3,15,0,3,5,3
71,1,3,0,158050,12,40,20,2,1,0,4,1,2,3,15,0,3,5,3
71,2,1,0,123830,0,32,0,6,1,0,4,1,2,3,15,0,3,5,3
71,2,2,1,136663,0,35,0,6,1,0,4,1,2,3,15,0,3,5,3
71,2,3,0,136663,30,35,0,6,1,0,4,1,2,3,15,0,3,5,3
71,3,1,0,123830,0,32,0,12,1,0,4,1,2,3,15,0,3,5,3
71,3,2,1,123830,12,32,50,12,1,0,4,1,2,3,15,0,3,5,3
71,3,3,0,123830,0,32,20,12,1,0,4,1,2,3,15,0,3,5,3
72,1,1,0,123830,0,32,0,2,0,2,0,3,2,2,8,0,4,5,3
72,1,2,0,136663,12,35,50,2,0,2,0,3,2,2,8,0,4,5,3
72,1,3,1,158050,12,40,20,2,0,2,0,3,2,2,8,0,4,5,3
72,2,1,0,123830,0,32,0,7,0,2,0,3,2,2,8,0,4,5,3
72,2,2,0,158050,12,40,20,7,0,2,0,3,2,2,8,0,4,5,3
72,2,3,1,123830,30,32,50,7,0,2,0,3,2,2,8,0,4,5,3
72,3,1,0,123830,0,32,0,12,0,2,0,3,2,2,8,0,4,5,3
72,3,2,1,123830,12,32,50,12,0,2,0,3,2,2,8,0,4,5,3
72,3,3,0,123830,0,32,20,12,0,2,0,3,2,2,8,0,4,5,3
73,1,1,0,123830,0,32,0,7,1,0,4,1,2,1,20,0,1,2,3
73,1,2,0,158050,12,40,20,7,1,0,4,1,2,1,20,0,1,2,3
73,1,3,1,123830,30,32,50,7,1,0,4,1,2,1,20,0,1,2,3
73,2,1,0,123830,0,32,0,10,1,0,4,1,2,1,20,0,1,2,3
73,2,2,1,136663,0,35,20,10,1,0,4,1,2,1,20,0,1,2,3
73,2,3,0,158050,30,40,50,10,1,0,4,1,2,1,20,0,1,2,3
73,3,1,0,123830,0,32,0,15,1,0,4,1,2,1,20,0,1,2,3
73,3,2,0,123830,0,32,0,15,1,0,4,1,2,1,20,0,1,2,3
73,3,3,1,123830,12,32,50,15,1,0,4,1,2,1,20,0,1,2,3
74,1,1,0,123830,0,32,0,1,1,0,2,3,4,1,7,0,3,6,2
74,1,2,1,136663,12,35,20,1,1,0,2,3,4,1,7,0,3,6,2
74,1,3,0,158050,30,40,50,1,1,0,2,3,4,1,7,0,3,6,2
74,2,1,0,123830,0,32,0,8,1,0,2,3,4,1,7,0,3,6,2
74,2,2,1,136663,0,35,50,8,1,0,2,3,4,1,7,0,3,6,2
74,2,3,0,123830,30,32,20,8,1,0,2,3,4,1,7,0,3,6,2
74,3,1,0,123830,0,32,0,14,1,0,2,3,4,1,7,0,3,6,2
74,3,2,1,136663,0,35,20,14,1,0,2,3,4,1,7,0,3,6,2
74,3,3,0,136663,12,35,50,14,1,0,2,3,4,1,7,0,3,6,2
75,1,1,0,123830,0,32,0,2,1,0,4,1,2,4,13,0,2,6,3
75,1,2,0,136663,12,35,50,2,1,0,4,1,2,4,13,0,2,6,3
75,1,3,1,158050,12,40,20,2,1,0,4,1,2,4,13,0,2,6,3
75,2,1,0,123830,0,32,0,7,1,0,4,1,2,4,13,0,2,6,3
75,2,2,0,158050,12,40,20,7,1,0,4,1,2,4,13,0,2,6,3
75,2,3,1,123830,30,32,50,7,1,0,4,1,2,4,13,0,2,6,3
75,3,1,0,123830,0,32,0,14,1,0,4,1,2,4,13,0,2,6,3
75,3,2,1,136663,0,35,20,14,1,0,4,1,2,4,13,0,2,6,3
75,3,3,0,136663,12,35,50,14,1,0,4,1,2,4,13,0,2,6,3
76,1,1,0,123830,0,32,0,7,0,2,0,3,3,1,4,0,3,5,3
76,1,2,0,158050,12,40,20,7,0,2,0,3,3,1,4,0,3,5,3
76,1,3,1,123830,30,32,50,7,0,2,0,3,3,1,4,0,3,5,3
76,2,1,0,123830,0,32,0,12,0,2,0,3,3,1,4,0,3,5,3
76,2,2,1,123830,12,32,50,12,0,2,0,3,3,1,4,0,3,5,3
76,2,3,0,123830,0,32,20,12,0,2,0,3,3,1,4,0,3,5,3
76,3,1,0,123830,0,32,0,14,0,2,0,3,3,1,4,0,3,5,3
76,3,2,1,136663,0,35,20,14,0,2,0,3,3,1,4,0,3,5,3
76,3,3,0,136663,12,35,50,14,0,2,0,3,3,1,4,0,3,5,3
77,1,1,0,123830,0,32,0,9,0,2,0,3,2,5,58,0,3,4,3
77,1,2,0,158050,0,40,0,9,0,2,0,3,2,5,58,0,3,4,3
77,1,3,1,158050,0,40,20,9,0,2,0,3,2,5,58,0,3,4,3
77,2,1,0,123830,0,32,0,12,0,2,0,3,2,5,58,0,3,4,3
77,2,2,1,123830,12,32,50,12,0,2,0,3,2,5,58,0,3,4,3
77,2,3,0,123830,0,32,20,12,0,2,0,3,2,5,58,0,3,4,3
77,3,1,0,123830,0,32,0,14,0,2,0,3,2,5,58,0,3,4,3
77,3,2,1,136663,0,35,20,14,0,2,0,3,2,5,58,0,3,4,3
77,3,3,0,136663,12,35,50,14,0,2,0,3,2,5,58,0,3,4,3
,,,,,,,,,,,,,,,,,,,
,,,,,,,,,,,,,,,,,,,
,,,,,,,,,,,,,,,,,,,
