Identificador de la vivienda,Mujer,Edad,Tamaño de localidad,Agua de la red pública,Confianza con la salud,Continuidad en el suministro,Agua para beber,Alimentos descongelados,Energía para cocinar,Recolección de basura,Separación de basura,Número de vehículos,Elección de productos de limpieza,Elección de alimentos,Especificación de alimentos,Menos empaques,Reusar empaques,Gasto de gasolina,Fenómeno climático,Cultivos
100494053,1,61,1,1,3,3,1,2,3,2,1,0,1,2, ,3,3,3,2, 
100515054,1,45,1,1,3,3,1,1,3,2,2,3,5,2, ,3,3,3,2, 
100515086,1,19,1,1,3,2,1,2,3,2,1,2,1,2, ,3,3,3,2, 
100620067,1,36,1,1,3,3,1,2,3,2,2,1,4,2, ,3,3,1,2, 
100816001,1,69,1,1,1,2,1,1,3,2,2,1,4,2, ,3,3,3,2, 
100935044,1,48,1,1,3,3,1,1,3,2,2,2,5,2, ,3,3,3,2, 
101042017,1,57,1,1,3,3,1,2,3,2,1,1,4,2, ,3,3,3,2, 
101096051,1,53,1,1,3,3,1,2,3,2,1,1,4,2, ,3,3,2,2, 
101207001,1,62,1,1,1,3,1,2,3,2,2,1,5,2, ,3,3,3,2, 
101482113,1,75,1,1,3,2,2,2,3,2,2,1,3,2, ,3,3,3,2, 
101489071,1,37,1,1,2,3,1,2,3,2,2,1,1,2, ,3,3,3,2, 
101917029,1,47,1,1,3,3,2,2,3,2,1,1,5,2, ,3,3,3,2, 
101929175,1,50,1,1,2,3,1,1,3,2,1,2,2,2, ,3,3,3,2, 
101997024,1,36,2,1,1,3,1,2,3,2,2,1,5,2, ,3,3,3,2, 
101997114,1,47,2,1,3,3,1,2,3,2,2,1,5,2, ,3,3,3,2, 
102141141,1,36,2,1,2,3,1,2,3,2,1,2,1,2, ,3,3,3,2, 
102174016,1,62,2,1,2,2,1,1,3,2,1,2,1,2, ,3,3,3,2, 
102240097,1,52,3,1,1,2,2,2,3,2,2,2,5,2, ,3,3,3,2, 
102334143,1,36,3,1,3,2,1,1,3,1,1,1,2,2, ,3,3,3,2, 
102334197,1,45,3,1,3,2,1,2,3,1,2,1,2,2, ,3,3,3,2, 
102362048,1,39,3,1,2,2,1,1,3,1,1,1,5,2, ,3,3,3,2, 
102362083,1,31,3,1,3,2,2,2,3,2,2,0,4,2, ,3,3,1,2, 
102362105,1,23,3,1,3,2,1,2,3,2,2,1,1,2, ,3,3,3,2, 
102363066,1,26,3,1,1,2,2,2,5,2,1,0,5,2, ,3,3,3,2, 
102371213,1,27,1,1,3,2,1,2,5,2,1,1,4,2, ,3,3,3,2, 
160042030,1,51,4,1,3,1,1,2,3,2,1,3,2,2, ,3,3,3,2, 
160042133,1,12,4,1,1,1,1,2,3,2,2,1,5,2, ,3,3,3,2, 
160042170,1,27,4,1,1,3,1,2,3,2,2,1,5,2, ,3,3,3,2, 
160141153,1,42,4,1,2,1,2,2,3,2,2,1,5,2, ,3,3,3,2, 
160229159,1,34,4,1,3,3,1,2,3,1,2,0,5,2, ,3,3,3,2, 
200213033,1,70,1,1,1,3,1,1,3,2,1,1,1,2, ,3,1,3,2, 
201096128,1,74,1,1,3,3,1,2,4,1,2,2,1,2, ,3,3,3,2, 
201096147,1,20,1,1,3,3,1,2,3,1,2,0,3,2, ,3,3,3,2, 
201341100,1,84,1,1,3,3,1,2,3,1,2,1,1,2, ,3,3,3,2, 
201663036,1,75,1,1,3,3,1,1,3,1,1,2,4,2, ,3,3,3,2, 
201826039,1,28,1,1,9,2,1,1,3,1,2,1,5,2, ,3,3,3,2, 
202001026,1,38,1,1,3,3,1,1,3,1,1,1,5,2, ,3,3,3,2, 
202104068,1,37,1,1,2,3,1,1,3,1,2,2,4,2, ,3,3,3,2, 
202260112,1,23,1,1,2,3,1,1,3,1,2,3,4,2, ,3,3,3,2, 
202309073,1,41,1,1,3,3,1,1,3,1,1,1,5,2, ,3,3,3,2, 
202460009,1,60,1,1,3,3,1,1,4,2,1,2,4,2, ,3,3,3,2, 
202460034,1,47,1,1,3,3,1,1,3,1,2,2,2,2, ,3,3,3,2, 
203018003,1,48,1,1,3,3,1,1,4,1,2,2,4,2, ,3,3,3,2, 
203372085,1,43,1,1,2,2,1,1,3,1,1,0,2,2, ,3,3,3,2, 
204676030,1,52,1,1,3,3,1,1,3,1,2,1,5,2, ,3,3,2,2, 
915061147,1,39,1,1,3,3,1,2,3,1,1,2,1,2, ,3,3,3,1,2
205455032,1,39,1,1,3,3,1,1,3,1,2,2,4,2, ,3,3,3,2, 
206155039,1,24,1,1,3,3,1,1,3,1,1,1,1,2, ,3,3,1,2, 
206591089,1,51,1,1,3,3,1,2,3,1,2,1,4,2, ,3,3,3,2, 
206648070,1,38,1,1,3,2,1,2,3,1,2,1,5,2, ,3,3,3,2, 
206690004,1,76,1,1,3,3,1,1,7,1,1,1,5,2, ,3,3,3,2, 
206792075,1,34,1,1,3,1,1,1,3,1,2,1,3,2, ,3,3,3,2, 
206990083,1,53,2,1,2,1,1,1,3,1,2,1,5,2, ,3,3,3,2, 
206990211,1,47,2,1,3,3,1,1,3,1,1,2,4,2, ,3,3,3,2, 
206990239,1,39,2,1,3,3,1,1,3,1,1,2,4,2, ,3,3,3,2, 
207283098,1,72,2,1,2,3,1,1,3,1,1,0,5,2, ,3,3,3,2, 
207283120,1,44,2,1,2,3,1,1,3,1,1,0,5,2, ,1,3,3,2, 
207689182,1,54,2,1,2,3,1,1,3,1,1,3,1,2, ,3,3,3,2, 
207924216,1,50,3,1,2,3,1,1,3,1,2,2,1,2, ,3,3,3,2, 
300040013,1,50,1,1,3,1,1,2,3,1,2,1,4,2, ,3,3,3,2, 
300040124,1,36,1,1,3,2,1,2,3,1,2,0,5,2, ,2,3,3,2, 
300050004,1,26,1, , , ,1,1,3,1,2,1,5,2, ,3,3,3,2, 
300065019,1,45,1,1,1,2,1,1,3,1,2,1,2,2, ,3,3,3,2, 
300065124,1,53,1,1,2,3,1,2,3,1,2,5,4,2, ,3,3,3,2, 
300150053,1,33,1,1,2,1,1,1,3,1,2,2,6,2, ,3,3,3,2, 
300150083,1,75,1,1,1,3,1,2,3,1,2,0,1,2, ,3,3,3,2, 
300183067,1,41,1,1,3,2,1,2,3,1,2,1,1,2, ,3,3,3,2, 
300217007,1,52,1,1,2,3,1,1,3,1,1,2,4,2, ,3,3,3,2, 
300221024,1,75,1,1,1,1,1,2,3,1,2,5,6,2, ,3,3,3,2, 
300221107,1,34,1,1,2,1,1,1,3,1,2,1,5,2, ,3,3,3,2, 
300222026,1,36,1,1,3,3,1,1,3,1,2,1,1,2, ,3,3,3,2, 
300270021,1,23,1,1,3,3,1,2,5,1,1,3,5,2, ,3,3,3,2, 
300304032,1,28,1,1,3,3,1,1,3,2,1,0,1,2, ,3,3,3,2, 
300465036,1,33,1,1,1,3,1,2,3,1,2,1,4,2, ,3,3,2,2, 
2001277210,1,78,2,1,2,3,3,1,1,1,1,1,2,2, ,3,3,2,1,2
300753088,1,48,2,1,3,3,1,1,3,1,1,0,5,2, ,3,3,3,2, 
300815428,1,42,2,1,3,3,1,1,3,1,1,3,2,2, ,3,3,3,2, 
300840080,1,31,2,1,2,1,1,1,3,1,2,0,4,2, ,3,3,1,2, 
300840141,1,22,2,1,3,2,1,1,3,1,2,1,1,2, ,3,3,3,2, 
300840171,1,24,2,1,3,2,1,2,7,1,1,0,6,2, ,3,3,3,2, 
300840217,1,37,2,1,9,3,1,1,3,1,2,1,1,2, ,3,3,1,2, 
300840226,1,35,2,1,2,2,1,1,3,1,2,2,5,2, ,3,3,3,2, 
300854017,1,35,2,1,1,1,1,1,3,1,2,2,4,2, ,3,3,3,2, 
300854057,1,27,2,1,3,2,1,1,3,1,1,1,4,2, ,3,3,3,2, 
300854093,1,71,2,1,1,9,1,2,3,1,1,2,4,2, ,1,3,1,2, 
300893051,1,35,2,1,2,3,1,1,3,1,2,2,1,2, ,3,3,3,2, 
301009294,1,42,2,1,2,2,1,2,3,1,1,1,5,2, ,3,3,3,2, 
2001277142,1,18,2,1,3,2,2,2,1,1,1,0,5,2, ,3,3,3,1,2
2900138020,1,51,2,1,1,2,1,1,3,1,2,0,1,2, ,3,3,3,1,2
301135360,1,58,2,1,1,2,1,1,3,1,2,0,1,2, ,3,3,2,2, 
301171056,1,42,3,1,2,2,1,2,3,1,2,2,4,2, ,3,3,3,2, 
301305119,1,49,3,1,2,2,1,1,3,1,1,1,1,2, ,3,3,3,2, 
301414048,1,45,3,1,1,2,1,1,3,1,2,1,5,2, ,3,3,1,2, 
301414084,1,52,3,1,2,3,1,2,3,1,2,1,2,2, ,3,3,3,2, 
301414156,1,68,3,1,1,2,1,1,3,1,2,2,1,2, ,3,3,3,2, 
2001277071,1,39,2,1,2,1,1,2,1,1,1,0,5,2, ,3,3,3,1,2
301414248,1,46,3,1,2,2,1,2,3,1,2,2,4,2, ,3,3,3,2, 
360079043,1,35,4,1,2,1,1,2,3,3,2,1,5,2, ,3,3,3,2, 
360163099,1,45,4,1,3,3,1,2,3,1,2,2,5,2, ,3,3,3,2, 
360163127,1,45,4,1,3,3,1,2,7,1,2,1,2,2, ,3,3,3,2, 
916261073,1,55,1,1,3,3,1,2,4,1,1,0,1,2, ,3,3,3,1,2
3060715201,1,22,4,1,3,3,1,1,3,1,1,0,1,2, ,3,3,3,1,2
360164070,1,33,4,1,3,3,1,2,7,1,2,3,4,2, ,3,3,3,2, 
360164161,1,57,4,1,9,1,1,2,1,1,2,0,4,2, ,3,3,3,2, 
400156005,1,55,1,1,2,2,1,1,3,1,1,1,4,2, ,3,3,3,2, 
400163101,1,53,1,1,9,3,1,1,3,1,2,2,4,2, ,3,1,2,2, 
400195084,1,37,1,1,2,3,1,1,3,1,1,0,2,2, ,3,3,3,2, 
400332095,1,76,1,1,2,3,1,1,3,1,2,0,5,2, ,3,3,3,2, 
400425041,1,54,1,1,2,3,1,1,3,1,2,1,1,2, ,3,3,3,2, 
400531088,1,25,1,1,3,3,1,1,3,1,2,1,5,2, ,3,3,3,2, 
400532084,1,64,1,1,2,9,1,1,3,1,1,1,3,2, ,3,3,3,2, 
400609031,1,33,1,1,3,3,1,1,3,1,1,0,5,2, ,3,1,3,2, 
400651179,1,64,1,1,2,2,1,1,3,1,2,1,5,2, ,3,3,3,2, 
400721011,1,59,1,1,3,3,1,1,3,1,2,1,5,2, ,3,3,3,2, 
400793169,1,35,1,1,3,3,1,1,3,1,2,1,5,2, ,3,3,1,2, 
400793308,1,29,1,1,2,2,1,2,3,1,1,0,1,2, ,3,3,3,2, 
2401599072,1,24,1,1,3,2,1,1,3,1,1,1,4,2, ,3,3,3,1,2
400929014,1,48,1,2, , ,1,2,3,1,2,1,1,2, ,3,3,3,2, 
400946084,1,52,1,1,3,2,1,2,3,1,1,0,1,2, ,3,3,3,2, 
400985012,1,52,1,1,1,2,1,1,3,1,2,1,6,2, ,3,3,3,2, 
401002063,1,32,1,1,1,1,1,1,3,1,1,1,1,2, ,3,3,1,2, 
401344160,1,65,3,1,3,3,1,2,3,1,2,1,5,2, ,3,3,2,2, 
401499202,1,31,3,1,2,3,1,1,3,1,1,1,5,2, ,3,3,3,2, 
401499221,1,40,3,1,3,3,1,1,3,1,2,2,5,2, ,3,3,3,2, 
460024104,1,63,4,1,2,3,1,1,3,3,1,0,5,2, ,3,1,3,2, 
460024219,1,47,4,1,2,3,1,1,3,3,1,0,4,2, ,3,3,3,2, 
460140273,1,21,4,1,3,2,1,2,1,3,1,0,1,2, ,3,3,3,2, 
360164160,1,44,4,1,1,3,1,2,3,1,2,0,2,2, ,3,3,3,1,2
460194091,1,54,4,1,3,2,1,2,1,3,2,0,4,2, ,3,3,3,2, 
601334096,1,39,2,1,2,2,1,1,1,1,1,0,5,2, ,3,3,3,1,2
601334096,1,39,2, , , ,1,1,1,1,1,0,4,2, ,3,3,3,1,2
500197016,1,55,1,1,3,3,1,1,3,1,2,1,5,2, ,3,3,3,2, 
500492037,1,27,1,1,1,3,1,2,3,1,1,2,1,2, ,3,3,3,2, 
500733002,1,20,1,1,2,3,1,1,3,2,2,2,1,2, ,3,1,3,2, 
500733056,1,33,1,1,2,2,1,1,3,2,2,2,1,2, ,3,3,3,2, 
500733069,1,33,1,1,3,3,1,1,3,2,2,0,1,2, ,3,3,3,2, 
501169085,1,43,1,1,1,3,1,1,3,1,1,0,5,2, ,3,3,3,2, 
501909042,1,50,1,1,2,2,2,1,4,1,2,2,4,2, ,3,3,3,2, 
501946093,1,46,1,1,3,3,1,1,3,1,2,2,4,2, ,3,3,3,2, 
502438083,1,54,1,1,2,2,1,1,4,1,1,2,5,2, ,3,3,3,2, 
504534092,1,58,1,1,3,1,1,1,3,1,1,1,4,2, ,3,3,3,2, 
504876096,1,40,1,1,1,3,1,1,3,1,1,1,5,2, ,3,3,3,2, 
505523017,1,63,2,1,1,2,1,2,3,1,2,2,4,2, ,3,2,3,2, 
506123045,1,85,2,1,1,2,1,2,4,1,2,2,4,2, ,3,3,1,2, 
506151059,1,43,2,1,2,3,1,1,3,1,2,0,1,2, ,3,3,3,2, 
506151175,1,42,2,1,3,3,1,1,3,1,1,0,1,2, ,3,3,2,2, 
506619021,1,36,3,2, , ,1,1,3,1,1,2,1,2, ,3,3,3,2, 
506619085,1,35,3,2, , ,1,1,3,1,2,1,5,2, ,3,3,3,2, 
506619104,1,34,3,2, , ,1,2,3,1,2,0,3,2, ,3,3,1,2, 
3008226050,1,57,3,1,1,1,1,1,3,1,2,1,2,2, ,3,3,3,1,2
560006045,1,48,4,1,3,3,2,1,3,2,2,1,5,2, ,3,3,3,2, 
600054077,1,41,1,1,3,3,1,1,3,1,1,2,1,2, ,3,3,1,2, 
600069087,1,45,1,1,3,3,3,1,3,1,2,1,5,2, ,3,3,3,2, 
2503250128,1,61,1,1,2,3,1,1,3,1,2,3,4,2, ,3,3,1,1,2
600687054,1,43,1,1,1,3,1,1,3,1,1,2,2,2, ,3,3,3,2, 
2605919186,1,53,2,1,1,1,1,1,3,1,1,2,2,2, ,3,3,3,1,2
600864048,1,76,1,1,2,3,1,1,3,1,1,0,1,2, ,3,3,3,2, 
600864102,1,54,1,1,3,3,2,1,3,1,1,2,5,2, ,3,3,3,2, 
600868075,1,83,1,1,3,3,1,1,3,1,1,1,1,2, ,3,3,3,2, 
600875020,1,34,1,1,3,3,1,1,3,1,1,0,1,2, ,3,3,3,2, 
600943011,1,60,1,1,2,3,1,1,7,1,1,1,5,2, ,3,3,3,2, 
600967141,1,27,1,1,3,2,1,2,3,1,2,1,3,2, ,3,3,2,2, 
600967154,1,33,1,1,2,1,1,1,3,1,2,2,4,2, ,3,3,1,2, 
601062010,1,38,1,1,3,2,1,1,3,1,1,2,5,2, ,3,3,3,2, 
601088031,1,24,1,1,3,3,1,1,3,1,1,1,2,2, ,3,3,3,2, 
601088091,1,32,1,1,2,3,1,1,3,1,2,1,1,2, ,2,3,1,2, 
601105043,1,45,1,1,1,3,1,1,3,1,1,1,1,2, ,3,3,1,2, 
601105088,1,42,1,1,3,3,1,2,3,1,1,0,1,2, ,2,2,3,2, 
2960156206,1,29,4,1,3,3,2,2,1,3,2,0,5,2, ,3,3,3,1,2
601157044,1,39,1,1,2,2,2,2,3,1,1,2,1,2, ,3,3,3,2, 
2960207319,1,17,4,1,2,2,1,2,3,1,1,0,4,2, ,3,3,3,1,2
3100686007,1,48,1,1,2,3,1,1,3,1,2,2,4,2, ,3,3,3,1,2
601322094,1,35,2,1,3,3,1,1,3,1,2,1,4,2, ,3,3,3,2, 
601449142,1,29,3,1,3,3,1,2,3,1,2,1,3,2, ,3,3,1,2, 
102362205,1,25,3,1,2,1,1,2,3,2,1,0,4,2, ,3,3,3,1,2
601520299,1,35,3,1,3,3,1,1,3,1,1,0,1,2, ,3,3,1,2, 
601531111,1,55,3,1,3,2,1,1,3,1,2,1,5,2, ,3,3,3,2, 
601531136,1,55,3,1,3,2,1,2,1,1,2,0,4,2, ,3,3,3,2, 
601531216,1,25,3,1,2,3,1,1,3,1,1,0,1,2, ,3,3,3,2, 
601548069,1,74,1,1,2,2,1,2,3,1,2,0,2,2, ,3,3,3,2, 
200849040,1,46,1,1,2,3,1,1,3,1,2,1,4,2, ,3,3,3,1,2
700102023,1,23,1,1,3,2,1,1,3,1,2,0,5,2, ,3,3,3,2, 
700102051,1,78,1,1,2,2,1,2,3,1,1,1,4,2, ,3,3,3,2, 
700362007,1,59,1,1,1,2,1,1,3,1,2,2,5,2, ,3,3,3,2, 
700584034,1,66,1,1,1,1,1,2,3,1,2,1,1,2, ,3,3,3,2, 
700584080,1,44,1,1,1,3,1,2,3,1,2,1,3,2, ,3,3,3,2, 
700606100,1,51,1,1,2,3,1,2,3,1,1,0,5,2, ,3,3,2,2, 
700675002,1,53,1,2, , ,1,1,1,1,1,1,1,2, ,3,3,3,2, 
701018040,1,31,1,1,1,3,1,2,3,1,2,0,4,2, ,3,3,2,2, 
701213025,1,76,1,1,1,3,1,1,3,1,2,2,1,2, ,3,3,3,2, 
701449057,1,45,1,1,1,2,1,1,3,1,1,2,2,2, ,3,3,3,2, 
701449086,1,44,1,1,2,1,1,2,3,1,2,3,1,2, ,3,3,3,2, 
701968106,1,63,1,1,2,3,1,2,3,1,1,1,5,2, ,3,3,2,2, 
702564269,1,37,2,1,1,3,1,1,3,1,2,1,1,2, ,3,3,3,2, 
702858126,1,39,2,2, , ,1,2,3,1,2,0,1,2, ,3,3,3,2, 
703073034,1,64,2,1,1,3,1,1,3,1,1,1,4,2, ,3,3,3,2, 
703253014,1,48,2,1,2,2,1,2,3,1,1,1,1,2, ,2,3,3,2, 
301135316,1,32,2, , , ,1,2,3,3,2,0,5,2, ,3,3,1,1,2
301305261,1,46,3,1,2,3,1,2,3,1,1,1,5,2, ,3,3,1,1,2
760284294,1,22,4,1,3,2,2,2,1,3,1,0,5,2, ,3,3,3,2, 
760686019,1,38,4,1,3,3,2,2,1,1,2,0,1,2, ,3,3,3,2, 
360079071,1,81,4,1,3,3,1,1,3,3,2,0,5,2, ,3,3,3,1,2
760867078,1,61,4,1,3,3,2,2,3,3,2,0,4,2, ,3,3,3,2, 
400311050,1,28,1,1,1,2,1,2,3,1,1,2,5,2, ,3,3,3,1,2
400809459,1,34,1,2, , ,1,2,1,1,2,0,2,2, ,3,3,3,1,2
400853090,1,67,1, , , ,1,2,7,1,2,0,4,2, ,3,3,3,1,2
761750057,1,27,4,1,3,3,2,2,1,1,1,0,4,2, ,1,3,3,2, 
761784045,1,39,4,1,2,1,1,2,1,3,1,1,4,2, ,3,3,3,2, 
761892136,1,16,4,1,3,3,2,2,1,3,1,0,5,2, ,3,3,1,2, 
800076033,1,40,1,1,1,3,1,1,3,1,2,2,5,2, ,3,3,3,2, 
800208116,1,49,1,1,3,3,1,1,3,1,1,1,4,2, ,3,3,3,2, 
801219015,1,62,1,1,1,1,2,2,4,1,1,2,4,2, ,3,3,3,2, 
801279101,1,74,1,1,2,1,2,2,4,1,2,2,4,2, ,3,3,1,2, 
801393011,1,65,1,1,3,3,2,1,3,2,2,0,5,2, ,3,3,3,2, 
801727005,1,34,1,1,1,1,1,1,4,1,1,2,1,2, ,3,3,3,2, 
801754011,1,29,1,1,1,1,1,1,3,1,1,1,4,2, ,3,3,3,2, 
460194005,1,52,4,1,3,3,1,2,1,3,1,0,2,2, ,3,3,3,1,1
802978036,1,36,1,1,1,2,1,1,3,1,2,2,5,2, ,3,3,3,2, 
803071116,1,55,1,1,1,3,1,1,3,1,2,1,5,2, ,3,3,3,2, 
803482013,1,53,1,1,3,3,2,2,3,1,2,0,4,2, ,3,3,3,2, 
804457035,1,48,1,1,3,3,1,1,4,1,2,3,4,2, ,3,3,3,2, 
805431058,1,60,1,1,1,2,1,1,4,1,2,2,4,2, ,3,3,3,2, 
805431211,1,59,1,1,2,3,2,1,4,1,1,2,4,2, ,3,3,3,2, 
806038064,1,10,1,1,2,3,1,1,3,1,1,1,1,2, ,3,3,3,2, 
806061017,1,55,1,1,3,3,1,1,4,1,1,1,5,2, ,3,3,3,2, 
500933022,1,31,1,1,1,1,1,1,3,2,2,0,4,2, ,3,3,3,1,1
501718056,1,43,1,1,3,2,1,2,4,1,1,1,1,2, ,3,3,1,1,2
503541037,1,54,1,1,2,2,1,2,3,1,1,0,4,2, ,3,3,3,1,2
808265062,1,25,2,1,2,3,1,1,3,1,2,2,4,2, ,3,3,3,2, 
808265273,1,36,2,1,3,3,1,1,3,1,2,1,4,2, ,3,3,3,2, 
809075095,1,27,1,1,3,1,2,1,4,1,2,1,5,2, ,3,3,3,2, 
860063158,1,35,4,1,2,3,1,1,3,1,1,2,2,2, ,3,3,3,2, 
900083113,1,40,1,1,9,3,1,1,3,2,1,0,4,2, ,3,3,3,2, 
900399061,1,87,1,1,3,2,2,1,3,1,1,1,1,2, ,3,3,1,2, 
504938130,1,54,1,1,2,2,1,1,3,1,2,1,6,2, ,3,3,3,1,2
902214062,1,34,1,1,2,2,1,1,3,1,1,1,4,2, ,3,3,3,2, 
902387060,1,59,1,1,1,1,1,1,3,1,1,1,1,2, ,3,3,3,2, 
903947096,1,50,1,1,1,3,1,2,3,1,1,1,4,2, ,3,3,3,2, 
904281066,1,22,1,1,2,2,1,1,3,1,1,0,2,2, ,2,2,3,2, 
906135063,1,68,1,1,1,3,1,1,3,1,1,1,1,2, ,3,3,3,2, 
906636001,1,59,1,1,3,3,2,1,4,1,1,0,5,2, ,3,3,3,2, 
912152090,1,69,1,1,2,3,1,1,4,1,1,3,1,2, ,3,3,1,2, 
912628115,1,67,1,1,3,3,2,1,3,1,1,0,1,2, ,3,3,3,2, 
912771138,1,56,1,1,3,3,1,1,3,1,1,1,5,2, ,3,3,3,2, 
912771179,1,25,1,1,3,3,1,1,3,1,1,0,5,2, ,3,3,3,2, 
560006020,1,70,4,1,3,2,1,2,3,1,1,0,4,2, ,3,3,3,1,2
913479013,1,36,1,1,1,2,1,2,3,1,1,1,4,2, ,3,3,3,2, 
914020015,1,26,1,1,2,3,1,2,3,1,1,0,2,2, ,3,3,3,2, 
914557039,1,46,1,1,3,3,2,1,3,2,1,2,1,2, ,3,3,3,2, 
914596001,1,45,1,1,2,3,1,1,3,1,1,1,4,2, ,3,3,3,2, 
915046008,1,42,1,1,3,1,1,1,3,1,1,0,4,2, ,3,3,2,2, 
600328048,1,29,1,1,2,3,1,1,3,1,1,1,4,2, ,3,3,3,1,2
915250037,1,52,1,1,3,2,1,2,3,1,1,0,4,2, ,3,3,3,2, 
915250096,1,60,1,1,3,2,2,2,3,1,1,0,6,2, ,3,3,3,2, 
915748086,1,61,1,1,3,3,1,2,3,1,1,1,6,2, ,3,3,1,2, 
601157017,1,46,1,1,2,3,1,2,3,1,2,0,1,2, ,3,3,1,1,2
917942026,1,32,1,1,3,3,1,1,4,2,1,1,4,2, ,3,1,3,2, 
917942052,1,54,1,1,1,1,1,1,3,1,1,3,2,2, ,3,3,1,2, 
918635033,1,29,1,1,3,3,1,1,4,2,1,1,5,2, ,3,3,2,2, 
919893047,1,54,1,1,1,1,1,1,3,1,1,0,1,2, ,3,3,3,2, 
920370028,1,58,1,1,2,3,1,1,3,1,1,1,4,2, ,2,3,3,2, 
1000067095,1,54,1,1,3,3,1,2,3,1,2,1,1,2, ,3,3,2,2, 
1000256016,1,32,1,1,3,3,1,2,3,1,2,1,5,2, ,3,3,3,2, 
1000438059,1,52,1,1,3,3,1,1,3,1,1,1,1,2, ,3,3,3,2, 
601548051,1,35,1,1,2,2,1,2,3,1,1,0,1,2, ,2,2,2,1,2
1000521019,1,61,1,1,3,3,1,2,3,1,2,1,1,2, ,3,3,3,2, 
1000881034,1,41,1,1,3,3,1,2,3,1,2,1,4,2, ,3,3,3,2, 
1001360285,1,24,1,1,3,3,1,1,3,1,2,0,4,2, ,3,3,3,2, 
1001647033,1,18,1,1,2,3,1,2,3,1,2,0,1,2, ,3,3,3,2, 
701374011,1,65,1,1,2,1,1,2,3,1,2,0,5,2, ,3,3,3,1,2
1001881073,1,67,1,1,1,3,1,2,3,1,1,3,5,2, ,3,3,2,2, 
1002697097,1,22,2,1,1,3,1,2,3,1,1,1,5,2, ,3,3,3,2, 
1002697149,1,39,2,1,1,3,1,1,3,1,2,1,1,2, ,3,3,3,2, 
1002856286,1,76,3,1,2,1,1,2,3,1,1,0,6,2, ,3,3,3,2, 
1002860004,1,41,3,1,3,2,1,1,3,1,2,1,1,2, ,3,3,3,2, 
1002860192,1,25,3,1,2,2,1,1,3,1,2,0,4,2, ,3,3,3,2, 
1003455050,1,24,3,1,2,2,1,1,3,1,2,1,1,2, ,3,3,3,2, 
703073104,1,22,2, , , ,1,1,3,1,1,0,3,2, ,3,3,3,1,1
1060030180,1,80,4,1,3,3,1,2,3,1,2,1,5,2, ,2,2,3,2, 
1060030230,1,57,4,1,2,3,3,1,3,1,1,1,2,2, ,3,3,3,2, 
1060133172,1,8,4,1,2,2,1,1,3,1,2,1,6,2, ,3,3,3,2, 
1060139078,1,48,4,1,3,2,1,2,3,3,2,1,4,2, ,3,3,3,2, 
760649092,1,56,4,1,3,3,1,2,1,1,2,2,1,2, ,3,3,1,1,2
1060148122,1,79,4,1,2,1,1,2,1,3,2,0,5,2, ,3,3,3,2, 
1100702087,1,53,1,1,3,3,1,2,3,1,1,1,3,2, ,3,3,3,2, 
1101038025,1,61,1,1,1,3,1,2,3,1,2,1,1,2, ,3,3,3,2, 
1101038088,1,49,1,1,2,2,1,2,3,1,2,1,1,2, ,3,3,3,2, 
1101533037,1,22,1,1,3,2,1,2,3,1,2,0,5,2, ,3,3,3,2, 
1101897160,1,40,1,1,2,3,2,2,3,1,1,2,1,2, ,3,3,3,2, 
1104433058,1,61,1,1,2,3,1,2,3,1,2,1,5,2, ,3,3,3,2, 
1104707104,1,36,1,1,2,3,1,2,3,1,2,2,1,2, ,3,3,3,2, 
1104828102,1,47,1,1,3,3,1,1,3,1,2,0,5,2, ,3,3,3,2, 
1106232045,1,48,2,1,1,3,1,1,3,2,1,2,4,2, ,3,3,3,2, 
1106595004,1,19,2,1,3,3,1,2,3,1,2,1,4,2, ,3,3,1,2, 
1106595179,1,21,2,1,3,3,2,2,3,1,1,0,4,2, ,3,3,3,2, 
1106595201,1,34,2,1,3,3,2,1,7,1,1,0,1,2, ,3,3,3,2, 
1106769138,1,54,2,1,3,1,1,2,3,1,1,2,1,2, ,3,3,3,2, 
1107572012,1,59,2,1,2,2,1,1,3,1,2,0,1,2, ,3,3,3,2, 
1107572023,1,76,2,1,3,3,1,2,3,1,2,0,5,2, ,3,3,3,2, 
1107650046,1,24,2,1,2,3,2,1,3,2,1,0,5,2, ,3,3,3,2, 
1108161177,1,62,3,1,3,3,1,2,3,1,1,0,1,2, ,3,3,3,2, 
1108222029,1,46,3,1,1,1,2,2,3,1,1,0,5,2, ,3,3,3,2, 
761750003,1,31,4,1,3,2,4,2,1,1,1,0,1,2, ,3,3,3,1,1
761750053,1,46,4,1,3,3,1,2,1,1,1,1,5,2, ,3,3,3,1,1
1160743007,1,35,4,1,2,2,1,1,3,1,2,2,2,2, ,3,3,3,2, 
761750143,1,47,4,1,2,1,2,2,1,3,2,0,5,2, ,3,3,3,1,1
1160778155,1,13,4,1,2,1,1,2,3,1,2,1,4,2, ,3,3,3,2, 
1161051114,1,40,4,1,3,3,2,2,3,1,1,1,4,2, ,3,3,3,2, 
1161320025,1,61,4, , , ,2,2,1,1,2,0,4,2, ,3,3,3,2, 
1161335105,1,41,4,1,3,1,1,2,3,1,2,1,1,2, ,3,3,3,2, 
1200069066,1,52,1,1,2,2,1,1,3,1,1,2,2,2, ,3,3,3,2, 
1200592055,1,34,1,1,2,1,1,2,3,1,1,1,5,2, ,3,3,3,2, 
1201011018,1,58,1,1,3,1,1,2,3,1,1,1,2,2, ,3,3,3,2, 
1201095082,1,72,1,1,2,1,1,1,3,1,1,2,4,2, ,3,3,2,2, 
1201312093,1,54,1,1,1,1,1,1,3,2,1,0,1,2, ,3,3,3,2, 
1201524114,1,46,1,1,1,2,1,2,3,1,1,0,4,2, ,3,3,3,2, 
1201573178,1,60,1,1,3,2,1,2,3,1,1,1,1,2, ,3,3,3,2, 
762437198,1,41,4,1,3,3,2,1,1,3,2,0,4,2, ,3,3,3,1,1
1202242226,1,35,1,1,2,2,1,1,3,3,1,1,5,2, ,3,3,3,2, 
1203304265,1,20,2,1,3,3,1,1,3,1,2,0,1,2, ,3,3,3,2, 
1203680107,1,47,3,1,3,3,1,1,1,1,2,0,4,2, ,3,3,3,2, 
1203680116,1,42,3,2, , ,1,2,3,1,1,1,4,2, ,3,3,3,2, 
1204130099,1,27,3,1,3,3,1,2,3,1,1,0,5,2, ,3,3,1,2, 
1204440309,1,9,3,1,2,1,1,2,3,1,2,0,5,2, ,3,3,3,2, 
1204440355,1,23,3,1,3,2,1,1,3,1,2,1,4,2, ,3,3,3,2, 
1260181133,1,30,4,1,2,2,1,2,3,1,1,0,5,2, ,3,3,3,2, 
1260181134,1,74,4,1,2,3,4,2,3,1,1,0,5,2, ,1,1,3,2, 
1260181135,1,71,4,1,3,2,1,2,1,1,1,0,1,2, ,3,3,3,2, 
903947022,1,61,1,1,3,2,1,2,3,1,1,0,5,2, ,3,3,3,1,2
904996007,1,23,1,1,2,3,1,2,3,1,1,1,1,2, ,3,3,3,1,2
908536032,1,61,1,1,1,1,1,1,3,1,1,0,1,2, ,3,3,3,1,2
1261081125,1,24,4,2, , ,1,2,3,3,1,0,5,2, ,2,3,3,2, 
916261012,1,39,1,1,1,3,1,2,3,1,1,1,1,2, ,3,3,3,1,2
918560045,1,60,1,1,2,2,1,1,3,1,1,1,1,2, ,3,3,3,1,2
1261670094,1,64,4,2, , ,4,2,1,1,2,0,5,2, ,3,3,3,2, 
1300444054,1,29,1,1,2,3,1,1,3,1,1,0,5,2, ,3,3,3,2, 
1300444098,1,14,1,1,2,3,1,1,3,1,1,0,1,2, ,3,3,3,2, 
1300796012,1,32,1,1,2,3,1,1,3,1,1,1,1,2, ,3,3,3,2, 
1300796129,1,25,1,1,3,2,1,2,3,1,2,0,3,2, ,3,3,3,2, 
1300865067,1,40,1,1,3,3,1,1,3,2,2,1,4,2, ,3,3,3,2, 
1301057050,1,38,1,1,2,3,1,1,3,1,2,1,5,2, ,3,3,3,2, 
1301342157,1,49,2,1,3,3,1,1,3,1,2,1,2,2, ,3,3,3,2, 
1301342250,1,50,2,1,2,2,1,1,3,1,2,1,4,2, ,3,3,3,2, 
1301401047,1,66,2,1,2,3,1,2,3,1,2,0,4,2, ,3,3,3,2, 
1301428082,1,37,2,1,3,3,1,2,3,1,2,0,4,2, ,3,3,3,2, 
1301528037,1,40,2,1,2,3,1,2,3,1,1,0,1,2, ,3,3,3,2, 
1301528126,1,59,2,1,3,3,2,2,3,1,1,0,6,2, ,3,3,1,2, 
1301528137,1,54,2,1,1,3,1,2,3,1,1,1,1,2, ,3,3,3,2, 
1301528161,1,28,2,1,2,3,1,2,3,1,1,0,4,2, ,3,3,3,2, 
1301528205,1,22,2,1,2,1,1,1,3,1,2,1,1,2, ,3,3,3,2, 
1301704163,1,26,2,1,3,3,1,2,3,1,1,0,1,2, ,3,3,3,2, 
1302042065,1,45,3,1,2,1,1,1,3,1,1,1,5,2, ,3,3,3,2, 
1001318002,1,53,1,1,2,3,1,1,3,1,1,1,5,2, ,3,3,2,1,2
1302082102,1,27,3,1,2,3,1,2,1,1,1,0,4,2, ,3,3,3,2, 
1302082124,1,58,3,1,2,3,1,1,3,1,1,1,5,2, ,3,3,3,2, 
1302232066,1,7,3,1,2,1,1,1,3,1,2,0,5,2, ,3,3,3,2, 
1302255108,1,54,3,1,2,3,1,1,3,1,2,1,5,2, ,3,2,3,2, 
1302526196,1,22,3,1,2,3,1,1,3,1,1,1,1,2, ,3,3,3,2, 
1302536108,1,54,3,1,2,2,1,2,3,1,1,1,5,2, ,3,3,1,2, 
1360168093,1,10,4,1,3,2,2,2,3,1,1,0,5,2, ,3,3,3,2, 
1060080059,1,24,4,1,1,1,2,1,3,3,1,0,5,2, ,3,3,3,1,2
1360780281,1,63,4,1,3,3,2,2,1,1,1,0,1,2, ,3,3,3,2, 
1060091257,1,71,4,1,2,1,1,2,3,1,2,2,5,2, ,3,1,3,1,1
1360900029,1,80,4,1,2,2,1,2,3,3,2,0,2,2, ,3,3,3,2, 
1360900222,1,27,4,1,1,3,1,2,3,1,2,1,4,2, ,3,3,3,2, 
1360955161,1,84,4,1,3,3,1,1,3,1,1,0,5,2, ,3,3,1,2, 
1361385118,1,53,4,1,3,2,1,1,3,1,1,0,1,2, ,3,3,3,2, 
1361385214,1,20,4,1,2,3,1,2,3,1,2,0,1,2, ,3,3,3,2, 
1361385276,1,36,4,1,9,2,1,1,3,1,1,1,4,2, ,3,3,2,2, 
1400574036,1,54,1,1,1,3,1,1,3,1,2,1,3,2, ,3,3,3,2, 
1400574091,1,13,1,1,3,3,1,1,3,1,2,0,2,2, ,3,3,3,2, 
1400697071,1,33,1,1,3,3,1,1,3,1,2,1,4,2, ,3,3,3,2, 
1401356099,1,61,1,1,1,3,1,2,3,1,2,2,4,2, ,3,3,1,2, 
1401465070,1,71,1,1,2,1,1,1,3,1,2,1,1,2, ,3,3,3,2, 
1401884075,1,37,1,1,2,3,1,1,3,1,1,2,5,2, ,3,3,3,2, 
1402029041,1,33,1,1,3,3,1,2,3,1,1,0,4,2, ,3,3,2,2, 
1402610055,1,47,1,1,3,2,1,1,3,1,2,1,4,2, ,3,3,3,2, 
1402610074,1,54,1,1,3,3,1,2,3,1,2,1,4,2, ,3,3,3,2, 
1402669005,1,16,1,1,2,3,1,2,3,1,2,1,5,2, ,3,1,3,2, 
1402808123,1,38,1,1,3,3,1,2,3,1,1,0,5,2, ,3,3,3,2, 
1403118049,1,70,1,1,1,3,1,2,3,1,2,3,1,2, ,3,3,3,2, 
1405455101,1,37,1,1,3,3,1,1,3,1,2,2,6,2, ,3,3,3,2, 
1405620051,1,34,1,1,3,2,1,2,3,1,2,1,4,2, ,3,3,3,2, 
1406053009,1,24,1,1,3,3,1,2,3,1,2,1,5,2, ,2,3,3,2, 
1060148103,1,34,4,1,2,1,2,1,1,3,1,1,6,2, ,3,3,3,1,1
1060148120,1,46,4,1,3,2,2,2,3,3,2,1,6,2, ,3,3,3,1,2
1407089074,1,44,1,1,2,1,1,2,3,1,2,1,5,2, ,3,3,3,2, 
1407303108,1,29,1,1,3,3,1,2,3,1,2,0,5,2, ,3,3,3,2, 
1407795042,1,64,1,1,3,1,1,1,3,1,2,1,6,2, ,3,3,3,2, 
1407795137,1,25,1,1,2,1,1,1,3,1,1,0,1,2, ,3,3,3,2, 
1410019199,1,51,2,1,2,3,1,2,3,1,1,3,1,2, ,3,3,3,2, 
1410019221,1,29,2,1,2,3,1,2,3,1,2,1,1,2, ,3,3,3,2, 
1411270031,1,26,2,1,2,1,1,1,3,1,1,1,5,2, ,3,3,3,2, 
1411270238,1,62,2,1,2,3,1,1,3,1,2,1,5,2, ,3,3,3,2, 
1411270250,1,36,2,1,3,3,1,1,3,1,1,1,5,2, ,3,3,3,2, 
1411810057,1,50,2,1,2,1,1,2,3,3,2,1,4,2, ,3,3,3,2, 
1412041129,1,58,2,1,3,3,1,1,3,1,2,1,1,2, ,1,1,3,2, 
1412401006,1,56,2,1,2,3,1,2,3,1,2,1,2,2, ,3,3,3,2, 
1412401102,1,54,2,1,2,2,1,1,3,1,2,2,3,2, ,3,3,3,2, 
1412809017,1,29,3,1,1,3,1,2,3,1,1,1,4,2, ,3,3,3,2, 
1412809067,1,35,3,1,3,3,1,2,3,1,2,1,1,2, ,3,3,3,2, 
1412809129,1,26,3,1,3,2,1,2,3,1,2,1,4,2, ,3,3,3,2, 
1412809136,1,12,3,1,3,3,1,1,3,1,2,1,5,2, ,3,3,1,2, 
1412809161,1,27,3,1,3,2,1,2,3,1,2,1,5,2, ,3,3,3,2, 
1103032061,1,55,1,1,2,3,1,1,3,1,1,2,4,2, ,3,3,3,1,2
1413016025,1,49,3,1,3,3,1,1,3,2,1,1,5,2, ,3,3,3,2, 
1413016183,1,80,3,1,1,3,1,2,3,1,2,1,4,2, ,3,3,2,2, 
1413016223,1,30,3,1,3,3,1,1,3,1,2,2,4,2, ,3,3,3,2, 
1413016257,1,75,3,1,1,2,1,1,3,1,1,2,6,2, ,3,3,1,2, 
1413016261,1,50,3,1,3,3,1,1,3,1,1,1,1,2, ,3,3,3,2, 
1460901006,1,30,4,1,3,3,1,2,3,1,1,0,2,2, ,3,3,3,2, 
1460901068,1,33,4,1,3,2,1,2,3,1,2,1,5,2, ,3,3,3,2, 
1500772012,1,80,1,1,3,3,1,1,3,1,1,1,1,2, ,3,3,3,2, 
1500772012,1,80,1, , , ,1,1,3,1,2,1,2,2, ,3,3,3,2, 
1506034108,1,33,1,1,3,2,1,2,3,1,1,0,2,2, ,3,3,3,2, 
1506594054,1,30,1,1,1,3,1,1,3,1,1,1,2,2, ,3,3,3,2, 
1506594121,1,32,1,1,1,1,1,2,3,1,2,1,5,2, ,3,2,3,2, 
1507772067,1,25,1,1,3,3,1,2,3,1,2,0,5,2, ,3,3,3,2, 
1508624017,1,50,1,1,2,2,1,2,3,1,2,1,2,2, ,3,3,3,2, 
1511273008,1,51,1,2, , ,1,2,3,1,2,0,5,2, ,3,3,3,2, 
1515904070,1,56,1,1,2,2,1,2,3,1,1,1,4,2, ,3,3,3,2, 
1516372099,1,40,1,1,1,3,1,1,4,1,2,1,4,2, ,3,3,3,2, 
1516372127,1,62,1,1,2,2,1,1,3,1,2,2,4,2, ,3,3,3,2, 
1518376116,1,60,1,1,1,1,1,2,4,1,2,1,4,2, ,3,3,3,2, 
1521371087,1,55,2,1,2,3,1,2,4,1,2,1,5,2, ,3,3,3,2, 
1522867055,1,40,2,1,2,3,1,2,3,2,1,1,1,2, ,3,3,3,2, 
1527006076,1,36,3,1,3,2,1,1,3,1,2,1,1,2, ,3,3,3,2, 
1527006229,1,60,3,1,2,1,2,1,3,1,1,0,5,2, ,3,3,3,2, 
1528024022,1,23,1,1,1,2,1,2,3,1,2,1,4,2, ,2,3,3,2, 
1528488098,1,65,1,1,2,2,1,2,3,1,2,1,5,2, ,3,3,3,2, 
1562168235,1,33,4,1,3,3,2,1,3,1,1,2,1,2, ,3,3,3,2, 
1600302052,1,18,1,1,1,1,1,2,3,1,1,0,2,2, ,3,3,3,2, 
1203304229,1,76,2,1,1,3,1,1,3,1,2,0,5,2, ,3,3,3,1,2
1600420083,1,19,1,1,3,2,1,2,3,1,2,0,2,2, ,3,3,3,2, 
1600420083,1,19,1, , , ,1,2,3,1,2,0,5,2, ,3,3,3,2, 
1600685005,1,21,1,1,3,3,1,1,3,1,2,0,5,2, ,2,3,2,2, 
1600685023,1,42,1,1,2,2,1,1,3,1,1,0,5,2, ,3,3,3,2, 
1600685040,1,40,1,1,3,3,1,1,3,1,2,1,5,2, ,3,3,3,2, 
1600685058,1,65,1,1,3,1,2,1,3,1,1,0,5,2, ,3,3,3,2, 
1600685080,1,44,1,2, , ,1,1,3,1,1,1,5,2, ,3,3,1,2, 
1600909034,1,50,1,1,2,3,2,1,3,1,1,1,5,2, ,3,3,3,2, 
1600909163,1,35,1,1,1,1,1,2,3,1,2,0,4,2, ,3,3,3,2, 
1600962017,1,75,1,1,2,3,1,2,3,1,2,1,4,2, ,3,3,3,2, 
1600962129,1,23,1,2, , ,1,2,7,1,2,1,3,2, ,3,3,3,2, 
1601359008,1,52,1,1,3,2,1,2,3,1,2,1,1,2, ,3,3,3,2, 
1601359014,1,22,1,1,1,1,1,2,3,1,1,0,2,2, ,3,3,3,2, 
1204532102,1,22,3,2, , ,1,2,1,1,1,0,5,2, ,3,3,3,1,2
1601769080,1,45,1,1,2,2,1,1,3,1,2,1,3,2, ,3,3,2,2, 
1601769099,1,40,1,1,3,3,2,1,3,1,2,0,4,2, ,3,3,3,2, 
1602233256,1,38,1,1,2,1,1,1,3,1,2,0,5,2, ,3,3,3,2, 
1602233304,1,58,1,1,3,2,1,2,3,1,1,0,1,2, ,3,3,3,2, 
1602575004,1,50,1,1,2,2,1,2,3,1,2,0,4,2, ,3,3,3,2, 
1204532268,1,43,3,2, , ,4,2,1,1,1,0,3,2, ,3,3,3,1,1
1602677067,1,30,1,1,3,3,1,2,3,1,2,1,4,2, ,3,3,3,2, 
1602779137,1,11,1,2, , ,1,1,3,1,2,0,5,2, ,3,3,3,2, 
1602946113,1,48,2,1,3,3,1,1,3,1,1,1,1,2, ,3,3,2,2, 
1603364022,1,80,2,1,2,3,1,2,3,1,2,0,1,2, ,2,3,3,2, 
1603364189,1,66,2,1,2,1,1,1,3,1,1,0,5,2, ,3,3,2,2, 
1603364204,1,55,2,1,3,1,1,1,3,1,2,0,4,2, ,3,3,3,2, 
1603364214,1,48,2,1,1,2,1,1,3,1,2,1,5,2, ,3,3,3,2, 
1603364248,1,54,2,1,1,1,1,1,3,1,1,0,4,2, ,3,3,2,2, 
1604005184,1,40,2,1,1,1,1,2,3,1,2,1,2,2, ,3,3,3,2, 
1604260018,1,56,2,1,1,2,1,1,3,1,2,0,5,2, ,3,3,2,2, 
1604260085,1,53,2,1,3,2,1,2,3,1,1,0,5,2, ,3,3,3,2, 
1604260128,1,76,2,1,2,2,1,1,3,1,2,0,5,2, ,2,1,2,2, 
1604260136,1,24,2,1,3,3,1,1,3,1,2,0,4,2, ,3,3,3,2, 
1604260175,1,17,2,1,3,3,1,1,3,1,2,0,5,2, ,3,3,2,2, 
1604260188,1,17,2,1,3,3,1,2,3,1,2,0,5,2, ,3,3,3,2, 
1604870041,1,53,3,1,1,2,1,1,3,1,2,0,3,2, ,3,3,2,2, 
1604870068,1,47,3,1,2,2,1,2,3,1,2,0,5,2, ,3,3,2,2, 
1604870154,1,37,3,1,3,1,1,1,3,1,1,0,6,2, ,3,3,2,2, 
1604870266,1,41,3,1,2,2,1,1,3,1,2,1,2,2, ,3,3,3,2, 
1604955172,1,43,3,1,3,3,2,2,3,1,2,1,3,2, ,3,3,3,2, 
1605624153,1,70,3,1,2,1,1,1,3,1,2,0,4,2, ,3,3,3,2, 
1605624163,1,40,3,1,2,2,1,1,3,1,2,0,5,2, ,3,3,3,2, 
1605818179,1,38,3,1,1,3,1,2,3,1,1,1,4,2, ,3,3,3,2, 
1605818443,1,38,3,1,3,2,1,1,3,1,2,0,5,2, ,3,3,3,2, 
1606053042,1,64,3,1,3,2,2,1,1,1,1,0,5,2, ,2,3,3,2, 
1606053088,1,42,3,1,2,3,1,2,3,1,2,1,4,2, ,3,3,3,2, 
1606053099,1,28,3,1,2,2,1,2,3,1,2,0,5,2, ,3,3,2,2, 
1606053137,1,44,3,1,2,1,1,2,3,1,2,1,4,2, ,3,3,3,2, 
1606053166,1,33,3,1,2,1,1,1,3,1,2,2,5,2, ,3,3,3,2, 
1606053231,1,29,3,1,3,3,1,2,3,1,2,1,4,2, ,3,3,3,2, 
1606053259,1,50,3,1,2,3,1,1,3,1,2,1,4,2, ,3,3,3,2, 
1660240119,1,57,4,1,3,3,1,1,3,1,2,1,5,2, ,3,3,3,2, 
1660240244,1,33,4,1,3,2,1,2,3,1,1,0,4,2, ,3,3,3,2, 
1660719020,1,40,4,1,2,3,1,1,3,1,2,2,4,2, ,3,3,3,2, 
1660728159,1,82,4,1,3,3,1,1,3,1,2,0,5,2, ,2,2,2,2, 
1660728216,1,68,4,1,3,1,2,1,3,1,1,1,5,2, ,3,3,2,2, 
1660728219,1,50,4,1,3,3,1,1,3,1,2,1,5,2, ,3,3,1,2, 
1661170009,1,70,4,1,3,2,1,1,3,1,1,1,4,2, ,3,3,3,2, 
1661170074,1,55,4,1,3,2,2,1,3,1,1,0,5,2, ,3,3,2,2, 
1661170086,1,9,4,1,2,2,1,1,1,1,2,0,4,2, ,3,3,2,2, 
1661170098,1,40,4,1,2,3,1,1,1,1,2,0,4,2, ,1,1,2,2, 
1661170109,1,72,4,1,2,2,1,1,3,1,2,1,5,2, ,3,3,3,2, 
1661170135,1,66,4,1,3,1,2,2,3,2,1,0,4,2, ,3,3,2,2, 
1661170148,1,58,4,1,2,3,2,1,3,1,1,1,5,2, ,3,3,3,2, 
1700563022,1,47,1,1,1,2,1,2,3,1,2,2,4,2, ,3,3,3,2, 
1700563148,1,76,1,1,3,2,1,2,3,1,2,1,4,2, ,3,1,3,2, 
1700594066,1,37,1,1,1,3,1,1,3,1,1,0,5,2, ,3,3,3,2, 
1700596017,1,47,1,1,3,2,1,2,3,1,2,0,4,2, ,3,3,3,2, 
1700839014,1,22,1,1,1,2,1,1,3,1,2,2,4,2, ,3,3,1,2, 
1701143047,1,64,1,1,2,3,2,1,3,1,1,0,4,2, ,3,3,3,2, 
1701193076,1,43,1,1,1,3,1,2,3,1,2,0,4,2, ,3,3,3,2, 
1701394310,1,50,1,1,1,1,1,2,3,1,1,2,5,2, ,3,3,3,2, 
1701498089,1,48,1,1,2,2,2,2,3,1,2,1,4,2, ,3,3,3,2, 
1701498122,1,32,1,1,2,2,1,2,3,1,2,0,4,2, ,3,3,3,2, 
1360168198,1,43,4,1,2,3,1,2,3,1,1,1,2,2, ,3,3,3,1,2
1360355059,1,26,4,1,2,1,1,2,1,1,1,0,5,2, ,3,3,3,1,2
1360355152,1,56,4,1,2,1,1,2,3,1,1,1,1,2, ,3,3,3,1,2
1702151020,1,38,2,1,3,3,1,1,3,1,1,1,1,2, ,3,3,3,2, 
1702179063,1,9,2,1,3,3,2,2,3,1,2,0,5,2, ,3,3,3,2, 
1702202019,1,48,2,1,3,3,1,2,3,1,1,0,4,2, ,3,3,3,2, 
1702350051,1,70,2,1,1,3,1,2,3,1,2,1,5,2, ,3,3,3,2, 
1702350187,1,52,2,1,3,2,1,2,3,1,1,0,4,2, ,3,3,3,2, 
1702411119,1,12,2,2, , ,1,1,3,1,1,0,4,2, ,3,3,3,2, 
1702492232,1,66,2,1,2,3,1,1,3,1,1,0,3,2, ,3,3,3,2, 
1360360218,1,42,4,1,1,2,1,2,3,1,1,1,5,2, ,3,3,3,1,2
1702898036,1,33,3,2, , ,1,2,3,1,1,1,6,2, ,3,3,3,2, 
1703066047,1,26,3,1,2,2,1,2,3,1,2,0,5,2, ,3,3,3,2, 
1703066190,1,46,3,1,3,2,1,2,3,1,2,0,5,2, ,3,3,3,2, 
1703247157,1,50,3,1,1,1,1,2,3,1,2,1,4,2, ,3,3,3,2, 
1703268043,1,43,3,1,2,2,1,1,3,1,1,1,1,2, ,3,3,3,2, 
1703478090,1,20,1,1,3,3,1,1,3,1,1,1,3,2, ,3,3,3,2, 
1760050009,1,43,4,1,2,2,1,2,3,1,1,1,2,2, ,3,3,3,2, 
1760050034,1,48,4,1,3,2,2,2,3,1,2,1,1,2, ,3,3,1,2, 
1760050108,1,46,4,2, , ,1,1,3,1,1,1,5,2, ,3,3,3,2, 
1360619146,1,39,4,1,1,2,2,2,1,3,1,0,5,2, ,3,3,3,1,2
1760431153,1,68,4,2, , ,1,2,3,3,2,0,1,2, ,3,3,3,2, 
1800211018,1,33,1,1,3,3,1,1,3,1,2,0,4,2, ,3,3,3,2, 
1800465121,1,61,1,1,2,3,1,2,3,1,1,1,4,2, ,3,3,3,2, 
1800465163,1,43,1,1,3,3,1,1,3,1,1,1,5,2, ,3,3,3,2, 
1800769074,1,29,1,1,3,1,1,1,3,1,1,0,4,2, ,3,3,3,2, 
1800793003,1,28,1,1,3,1,1,1,3,1,1,1,1,2, ,3,3,3,2, 
1800793031,1,22,1,1,2,1,1,1,3,1,2,0,4,2, ,3,3,3,2, 
1801135021,1,70,2,1,2,3,1,1,3,1,1,0,1,2, ,3,3,3,2, 
1801285040,1,65,2,1,1,3,1,1,3,1,1,1,3,2, ,3,3,3,2, 
1801544080,1,50,3,1,3,3,1,1,3,1,2,2,2,2, ,3,3,3,2, 
1406728111,1,53,1,1,1,3,1,2,3,1,2,1,5,2, ,3,3,3,1,2
1801741141,1,6,3,1,3,3,1,2,5,1,2,0,4,2, ,3,3,3,2, 
1860001113,1,76,4,1,2,2,1,1,3,1,2,1,5,2, ,3,3,1,2, 
1860051068,1,6,4,1,2,1,2,1,3,3,1,0,2,2, ,3,3,3,2, 
1407303038,1,39,1,1,2,3,1,2,3,1,1,1,5,2, ,3,3,3,1,2
1860131083,1,52,4,1,2,3,1,2,3,3,2,0,1,2, ,3,3,3,2, 
1412809025,1,33,3,1,3,3,1,1,3,1,2,1,4,2, ,3,1,3,1,2
1900302017,1,26,1,1,3,3,1,1,4,1,1,1,1,2, ,3,3,3,2, 
1900611079,1,64,1,1,3,3,1,1,4,1,2,0,5,2, ,3,3,3,2, 
1900761095,1,57,1,1,2,3,1,1,4,1,1,1,5,2, ,3,3,3,2, 
1901013151,1,24,1,1,3,3,2,1,4,1,1,0,1,2, ,3,3,3,2, 
1901096021,1,48,1,1,1,3,1,1,4,1,1,2,1,2, ,3,3,3,2, 
1901450122,1,41,1,1,3,3,2,1,4,1,1,1,1,2, ,3,3,3,2, 
1901652038,1,65,1,1,2,2,2,1,3,1,1,0,4,2, ,3,3,3,2, 
1902906078,1,57,1,1,3,3,2,1,4,1,1,0,1,2, ,3,3,3,2, 
1903349113,1,68,1,1,2,3,2,2,4,1,2,0,4,2, ,3,3,3,2, 
1903630047,1,23,1,1,2,3,1,2,3,1,2,1,2,2, ,3,3,3,2, 
1903689021,1,44,1,1,3,2,1,1,4,1,1,1,1,2, ,3,3,3,2, 
1903689066,1,34,1,1,3,3,1,2,3,1,1,1,1,2, ,3,3,3,2, 
1904532123,1,41,1,1,3,3,2,2,4,1,1,1,2,2, ,3,3,3,2, 
1905743009,1,62,1,1,3,3,1,1,4,1,2,2,5,2, ,3,3,3,2, 
1905752016,1,69,1,1,3,3,1,1,4,1,1,1,4,2, ,3,3,3,2, 
1906739019,1,66,1,1,2,3,1,1,3,1,2,1,1,2, ,3,3,3,2, 
1908954083,1,42,1,1,3,3,2,1,4,1,1,1,5,2, ,3,3,3,2, 
1909249187,1,32,1,1,3,3,2,1,3,1,2,1,1,2, ,3,3,3,2, 
1909276102,1,29,1,1,2,3,1,2,3,1,1,0,5,2, ,3,3,3,2, 
1910285022,1,33,2,1,3,3,1,1,4,1,2,2,4,2, ,3,3,3,2, 
1910285104,1,54,2,1,2,2,1,1,4,1,1,1,2,2, ,3,3,1,2, 
1910623093,1,54,2,1,3,3,1,2,3,1,2,1,5,2, ,3,3,3,2, 
1910623245,1,56,2,1,3,3,1,2,3,1,2,2,1,2, ,2,1,3,2, 
1911059202,1,44,3,1,2,3,1,1,4,1,2,0,5,2, ,3,3,3,2, 
1960392052,1,34,4,2, , ,3,1,3,1,2,0,6,2, ,3,3,3,2, 
2000128073,1,26,1,1,1,1,1,2,3,1,1,0,5,2, ,3,3,3,2, 
2000193013,1,57,1,1,2,1,1,2,3,1,1,0,1,2, ,3,3,2,2, 
1520943051,1,58,2,1,3,3,2,1,3,1,1,0,1,2, ,3,3,2,1,2
2000436126,1,51,1,1,1,2,1,2,3,1,1,0,5,2, ,3,3,3,2, 
2001029066,1,58,2,1,9,2,1,1,3,1,1,1,4,2, ,3,3,3,2, 
2001029210,1,84,2,1,2,2,1,2,3,1,2,0,5,2, ,3,3,2,2, 
2001277165,1,29,2,1,1,2,1,2,3,2,2,0,5,2, ,3,3,3,2, 
1561936133,1,22,4,1,3,1,1,1,1,3,2,0,1,2, ,3,3,3,1,2
2001277244,1,40,2,1,2,2,1,2,3,1,1,0,1,2, ,3,3,3,2, 
2001902032,1,40,2,1,1,3,1,1,3,1,2,1,1,2, ,3,3,3,2, 
2002448104,1,34,3,1,3,3,2,2,1,1,1,0,5,2, ,1,1,3,2, 
2002537049,1,76,3,1,1,1,1,2,3,1,2,0,1,2, ,3,3,3,2, 
2002537072,1,68,3,1,3,2,1,2,3,1,1,0,4,2, ,3,3,3,2, 
1562168382,1,56,4,1,3,3,2,1,1,1,1,0,1,2, ,3,3,3,1,1
2002537185,1,81,3,1,2,2,1,1,3,1,1,0,4,2, ,3,3,2,2, 
2002747024,1,70,3,1,2,1,1,2,5,1,1,1,1,2, ,3,3,3,2, 
2003371123,1,50,3,1,2,2,1,2,3,1,1,1,1,2, ,3,3,3,2, 
1601709102,1,66,1,1,3,3,1,2,3,1,1,1,2,2, ,3,3,3,1,2
2003529041,1,62,2,1,1,2,1,1,3,1,1,0,1,2, ,3,3,3,2, 
1603074028,1,33,2,2, , ,1,2,3,1,2,0,5,2, ,3,3,3,1,2
2060278031,1,14,4,1,3,2,2,2,1,1,1,0,5,2, ,3,3,3,2, 
2060278158,1,21,4,1,3,2,2,2,1,1,1,0,4,2, ,3,3,1,2, 
1604260122,1,72,2,1,3,3,1,1,3,1,1,0,5,2, ,3,3,3,1,2
1604260164,1,79,2,1,3,2,2,1,3,1,1,1,5,2, ,3,3,3,1,2
2060693138,1,50,4,2, , ,3,2,1,3,1,0,5,2, ,3,3,3,2, 
2060801193,1,54,4,2, , ,1,2,1,3,1,0,4,2, ,3,3,3,2, 
1605624073,1,52,3,1,2,2,1,2,3,1,1,0,1,2, ,3,3,2,1,2
2060884276,1,27,4,2, , ,3,2,1,3,1,2,1,2, ,3,3,1,2, 
2061098031,1,83,4,2, , ,3,2,1,2,1,0,5,2, ,3,3,3,2, 
2061098032,1,67,4,2, , ,3,2,1,2,1,0,4,2, ,3,3,3,2, 
2061098033,1,55,4,2, , ,5,2,1,2,1,0,5,2, ,3,3,3,2, 
2061098058,1,82,4,1,3,2,3,2,1,2,1,0,5,2, ,3,3,3,2, 
1660719172,1,67,4,1,2,2,1,1,1,3,1,1,2,2, ,3,3,3,1,2
1661170163,1,40,4,1,2,1,1,1,3,1,2,2,4,2, ,3,3,3,1,2
2061326217,1,20,4,2, , ,3,2,1,3,1,0,5,2, ,1,1,3,2, 
2061680031,1,55,4,1,3,3,1,2,1,1,1,1,1,2, ,3,3,3,2, 
1661218314,1,21,4,1,3,2,2,2,3,1,2,0,1,2, ,3,3,3,1,1
2062472053,1,57,4,1,3,3,2,2,1,1,2,1,4,2, ,3,3,3,2, 
2062472079,1,29,4,1,2,3,2,2,3,1,1,0,1,2, ,3,3,3,2, 
2062472246,1,29,4,1,2,2,2,2,1,1,1,0,1,2, ,3,3,3,2, 
2062472255,1,6,4,1,2,2,2,2,1,1,1,0,6,2, ,3,2,2,2, 
2062641036,1,48,4,1,2,2,2,1,1,1,1,1,2,2, ,3,3,3,2, 
1800407010,1,63,1,1,3,3,1,1,3,1,1,1,4,2, ,3,3,3,1,2
2062641161,1,51,4,1,2,2,2,2,3,1,1,0,4,2, ,3,3,3,2, 
2062641201,1,37,4,1,3,2,1,1,3,1,1,2,5,2, ,3,3,3,2, 
2062641218,1,55,4,1,3,2,2,1,1,1,1,1,1,2, ,3,3,3,2, 
2100385018,1,68,1,1,3,3,1,2,4,1,2,2,2,2, ,3,3,3,2, 
2100385047,1,22,1,1,1,1,1,2,4,1,2,0,5,2, ,3,3,3,2, 
2100481004,1,60,1,1,2,2,1,2,3,1,2,0,5,2, ,2,3,3,2, 
2100481087,1,41,1,1,2,3,1,2,3,1,1,2,1,2, ,3,3,3,2, 
2101785066,1,46,1,1,1,1,1,2,3,1,2,1,5,2, ,3,3,3,2, 
2101816066,1,60,1,1,1,1,1,1,3,1,2,1,1,2, ,3,3,3,2, 
2101817091,1,40,1,1,3,2,1,2,3,1,1,0,1,2, ,3,3,3,2, 
2102264049,1,32,1,1,2,2,1,1,4,1,1,1,1,2, ,3,3,1,2, 
2103066146,1,38,1,1,1,1,1,2,3,1,2,0,5,2, ,3,3,3,2, 
2103448338,1,36,1,1,1,3,1,1,4,2,1,2,4,2, ,3,3,1,2, 
1860001049,1,54,4,1,1,1,1,1,3,1,1,1,2,2, ,3,3,3,1,1
2104734031,1,48,2,1,3,3,1,2,3,1,2,1,4,2, ,3,3,3,2, 
2104734044,1,53,2,1,3,3,1,2,3,1,2,0,5,2, ,3,3,3,2, 
2104734064,1,60,2,1,2,1,1,1,3,1,2,0,1,2, ,3,3,3,2, 
2104734221,1,47,2,1,2,3,1,2,3,1,1,0,4,2, ,3,3,3,2, 
2105033046,1,26,2,1,2,3,1,2,4,1,1,1,5,2, ,3,3,3,2, 
2105782165,1,53,2,2, , ,3,1,3,3,2,0,5,2, ,3,3,3,2, 
2105874020,1,48,2, , , ,1,2,3,1,2,0,4,2, ,3,3,3,2, 
2105874103,1,39,2,1,3,2,2,1,3,1,1,0,5,2, ,3,3,3,2, 
2106157077,1,64,2,1,2,2,1,1,3,1,1,0,1,2, ,3,3,3,2, 
2106157136,1,60,2,1,1,2,1,1,3,1,1,1,5,2, ,3,3,3,2, 
2106314214,1,52,3,1,2,2,2,2,1,3,1,0,1,2, ,3,3,3,2, 
2106632164,1,30,3,1,3,2,2,1,3,1,1,0,4,2, ,3,3,3,2, 
1960392059,1,50,4,2, , ,1,1,3,1,1,2,1,2, ,3,3,3,1,1
2106676120,1,39,3, , , ,1,1,3,1,1,1,5,2, ,3,3,3,2, 
2106676135,1,48,3,1,2,3,1,2,3,1,1,1,5,2, ,3,3,3,2, 
2001029195,1,43,2,1,2,3,1,1,3,3,1,1,1,2, ,3,3,3,1,2
2160138089,1,68,4, , , ,2,2,1,1,1,0,5,2, ,3,3,3,2, 
2160138093,1,53,4,1,3,1,2,2,1,1,1,0,4,2, ,3,3,2,2, 
2002537122,1,34,3,1,2,1,1,2,3,1,2,0,5,2, ,3,3,3,1,2
2002537173,1,55,3,1,2,2,1,2,3,1,1,1,1,2, ,3,3,3,1,2
2161154287,1,10,4,2, , ,3,2,3,1,1,0,4,2, ,3,3,3,2, 
2002537240,1,35,3,1,2,3,1,1,3,1,1,0,5,2, ,3,3,3,1,2
2161595183,1,33,4,1,2,2,1,2,3,1,1,0,1,2, ,3,3,3,2, 
2060245171,1,22,4,1,1,2,1,1,1,1,1,0,5,2, ,3,3,3,1,1
2060245250,1,64,4,2, , ,3,2,1,3,2,0,5,2, ,3,3,3,1,2
2161624103,1,49,4,1,3,3,1,1,3,1,1,1,1,2, ,3,3,3,2, 
2161624104,1,55,4,1,2,2,1,1,3,1,2,2,1,2, ,3,3,3,2, 
2161624190,1,59,4,1,2,3,1,2,3,1,2,2,4,2, ,3,3,1,2, 
2161624246,1,14,4,1,1,2,1,2,1,1,1,0,1,2, ,3,3,3,2, 
2161624247,1,75,4,2, , ,3,1,3,3,1,0,5,2, ,3,3,3,2, 
2200093004,1,65,1,1,3,3,1,1,3,1,1,2,1,2, ,3,3,3,2, 
2200093063,1,58,1,1,3,3,1,1,3,1,1,3,1,2, ,3,3,3,2, 
2200171019,1,84,1,1,3,2,1,1,4,1,1,1,4,2, ,3,3,3,2, 
2200463124,1,35,1,1,2,1,1,2,4,1,1,1,1,2, ,3,3,3,2, 
2201045030,1,58,1,1,2,3,1,2,4,1,2,2,1,2, ,3,3,3,2, 
2201045047,1,62,1,1,3,3,1,2,4,1,1,2,1,2, ,3,3,3,2, 
2201109117,1,41,1,1,2,2,1,1,5,1,1,1,1,2, ,3,3,3,2, 
2201151013,1,64,1,1,3,3,1,1,4,1,1,1,4,2, ,3,3,3,2, 
2201151069,1,50,1,1,2,3,1,2,3,1,1,1,1,2, ,3,3,3,2, 
2201261076,1,28,1,1,3,2,1,1,4,1,1,1,1,2, ,3,3,3,2, 
2201410005,1,21,1,1,3,3,1,1,3,1,2,2,5,2, ,3,3,3,2, 
2201410109,1,47,1,1,2,2,1,2,4,1,2,1,1,2, ,3,3,3,2, 
2201413021,1,44,1,1,3,3,1,2,3,1,2,1,1,2, ,3,3,3,2, 
2201413061,1,73,1,1,2,3,1,2,3,1,1,2,5,2, ,3,3,3,2, 
2201522188,1,62,1,1,3,3,1,1,3,1,1,1,1,2, ,3,3,3,2, 
2201628001,1,42,1,1,3,1,1,1,3,1,2,1,4,2, ,3,3,3,2, 
2201628115,1,41,1,1,2,1,1,2,3,1,2,0,4,2, ,3,3,3,2, 
2060884076,1,65,4,2, , ,3,2,1,3,1,0,6,2, ,3,3,3,1,2
2060884079,1,24,4,2, , ,3,2,1,3,1,0,1,2, ,3,3,3,1,1
2201850078,1,47,1,1,3,3,1,2,3,1,2,0,6,2, ,2,3,3,2, 
2201850122,1,46,1,1,1,1,1,2,3,1,1,1,5,2, ,3,3,1,2, 
2202163006,1,51,2,1,2,3,2,2,3,1,1,2,5,2, ,3,3,3,2, 
2060884148,1,67,4,1,1,2,3,2,1,3,1,0,4,2, ,2,1,1,1,2
2202664024,1,36,3,1,3,2,1,2,3,1,1,0,5,2, ,3,3,3,2, 
2202664127,1,44,3,1,3,3,1,1,3,1,1,2,4,2, ,3,3,3,2, 
2202664190,1,48,3, , , ,1,1,3,1,1,1,1,2, ,3,3,3,2, 
2060884149,1,55,4,1,2,2,2,2,1,3,1,1,4,2, ,3,3,1,1,1
2202929146,1,48,3,1,3,2,1,2,3,1,2,1,2,2, ,3,3,1,2, 
2202955097,1,50,3,1,3,2,1,1,3,1,1,0,5,2, ,3,3,3,2, 
2202955112,1,55,3,1,3,3,1,2,3,1,1,1,4,2, ,3,3,2,2, 
2202981019,1,72,3,1,3,3,1,2,3,1,1,1,5,2, ,3,3,3,2, 
2202981074,1,44,3,1,3,2,2,2,3,1,1,1,5,2, ,3,3,3,2, 
2202981180,1,37,3,1,3,3,1,1,3,1,1,1,1,2, ,3,3,3,2, 
2202981278,1,39,3,1,2,2,1,2,3,1,1,2,5,2, ,3,3,3,2, 
2260108050,1,37,4,1,3,2,2,2,3,1,2,0,4,2, ,3,3,3,2, 
2260193163,1,27,4,1,3,3,2,2,3,1,2,0,5,2, ,3,3,3,2, 
2260213008,1,40,4,1,3,3,2,2,3,1,1,0,4,2, ,3,3,3,2, 
2260433102,1,46,4,1,3,3,1,1,3,2,2,2,4,2, ,3,3,3,2, 
2260433216,1,48,4,1,3,3,2,2,3,2,1,1,5,2, ,3,3,3,2, 
2260471153,1,38,4,1,2,3,1,1,3,1,2,2,1,2, ,3,3,3,2, 
2260471368,1,53,4,2, , ,1,2,3,1,1,0,5,2, ,3,3,3,2, 
2300032116,1,47,1,1,2,2,1,1,3,1,2,2,5,2, ,3,3,3,2, 
2301261057,1,40,1,1,2,2,1,2,3,1,1,0,1,2, ,3,3,3,2, 
2301272008,1,45,1,1,1,3,1,2,3,1,2,0,5,2, ,3,3,3,2, 
2301362071,1,22,1,1,2,2,1,1,3,1,2,1,2,2, ,3,3,1,2, 
2301458102,1,30,1,1,1,3,1,2,3,1,2,1,1,2, ,3,3,3,2, 
2301689194,1,26,1,1,3,3,1,2,3,1,2,0,5,2, ,3,3,3,2, 
2301700127,1,40,1,1,3,3,1,2,3,1,2,1,1,2, ,3,3,3,2, 
2302035076,1,43,1,2, , ,1,2,3,1,2,1,1,2, ,3,3,3,2, 
2302065022,1,47,1,1,3,3,1,2,3,1,2,1,2,2, ,3,3,3,2, 
2302065076,1,49,1,1,3,3,1,2,3,1,1,2,2,2, ,3,3,3,2, 
2302170101,1,36,1,1,3,3,1,1,3,1,2,2,3,2, ,3,3,1,2, 
2302546037,1,49,1,1,3,1,1,2,3,1,2,1,3,2, ,3,3,3,2, 
2302601177,1,26,1,1,2,3,1,2,3,1,2,0,4,2, ,3,3,3,2, 
2302621092,1,49,1,1,2,2,1,2,2,1,1,1,2,2, ,3,3,3,2, 
2302689189,1,50,1,1,3,2,1,2,5,1,2,1,4,2, ,3,3,1,2, 
2302867272,1,25,1,1,3,3,1,2,3,1,2,1,1,2, ,1,3,1,2, 
2302867441,1,26,1,1,3,3,1,1,3,1,2,1,1,2, ,3,3,3,2, 
2302919207,1,47,2,1,2,3,1,1,3,1,2,1,4,2, ,3,3,3,2, 
2303323192,1,36,3,1,2,3,1,2,3,1,2,0,5,2, ,3,3,3,2, 
2062641129,1,23,4,1,2,2,2,1,3,1,1,0,1,2, ,3,1,3,1,1
2105782139,1,42,2,1,2,3,1,2,5,1,2,2,2,2, ,3,3,3,1,2
2400617072,1,24,1,1,1,3,1,1,3,1,1,1,2,2, ,3,3,3,2, 
2400808018,1,50,1,1,3,2,1,2,4,1,2,1,4,2, ,3,3,3,2, 
2400808114,1,38,1,1,3,3,1,1,3,1,2,1,5,2, ,3,3,1,2, 
2400849102,1,34,1,1,1,3,1,2,3,1,1,2,4,2, ,3,3,3,2, 
2401081012,1,63,1,1,3,2,1,2,4,1,1,1,1,2, ,3,3,1,2, 
2401083003,1,31,1,1,3,3,1,1,3,1,2,1,2,2, ,3,3,3,2, 
2401614060,1,42,1,1,1,1,1,2,3,1,2,1,5,2, ,3,3,3,2, 
2401710029,1,30,1,1,2,2,1,2,3,1,1,1,4,2, ,3,3,3,2, 
2106632179,1,44,3,1,3,2,2,2,3,1,1,0,4,2, ,3,3,3,1,1
2402526026,1,72,1,1,3,1,1,2,3,1,2,1,5,2, ,3,3,3,2, 
2402798103,1,52,1,1,2,1,1,1,3,1,2,0,1,2, ,3,3,3,2, 
2402949046,1,32,1,1,2,1,1,2,4,1,2,0,5,2, ,3,1,3,2, 
2106944005,1,40,3,2, , ,1,2,3,1,1,0,5,2, ,3,3,3,1,2
2160138087,1,31,4,1,2,2,3,2,1,1,1,0,5,2, ,3,3,3,1,1
2403526179,1,56,2,1,2,3,1,2,3,1,1,1,1,2, ,3,3,3,2, 
2404116141,1,51,3,1,3,3,1,2,3,1,1,1,4,2, ,3,3,3,2, 
2161595069,1,37,4,1,3,2,2,2,1,1,1,0,5,2, ,3,3,3,1,2
2460728196,1,51,4,2, , ,4,2,1,3,1,0,5,2, ,3,3,3,2, 
2201694103,1,55,1,1,3,2,1,1,3,1,1,1,2,2, ,3,3,3,1,2
2202019025,1,11,1,1,2,3,1,1,3,1,1,0,1,2, ,3,3,3,1,2
2202163145,1,51,2,1,2,2,1,2,3,1,1,2,1,2, ,3,3,3,1,2
2260108194,1,43,4,1,3,2,2,2,3,1,2,1,1,2, ,3,3,3,1,2
2260433034,1,32,4,2, , ,5,2,1,1,1,1,1,2, ,3,3,3,1,2
2500767006,1,27,1,1,2,3,1,1,3,1,2,1,4,2, ,3,3,3,2, 
2500968100,1,39,1,1,1,3,1,1,3,1,2,1,5,2, ,3,3,1,2, 
2501054045,1,62,1,1,2,3,1,2,3,1,2,2,4,2, ,3,3,3,2, 
2501054097,1,15,1,1,2,3,1,1,3,1,2,2,4,2, ,3,1,3,2, 
2260649019,1,63,4,1,1,1,1,1,3,1,1,1,5,2, ,3,3,3,1,2
2501779142,1,33,1,1,2,3,1,1,3,1,2,1,5,2, ,1,1,3,2, 
2502462075,1,45,1,1,2,3,1,1,3,1,2,2,3,2, ,3,3,3,2, 
2502462093,1,36,1,1,2,2,1,1,3,1,2,1,1,2, ,3,3,3,2, 
2300129055,1,67,1,1,3,3,1,2,3,1,1,2,5,2, ,3,3,3,1,2
2502572117,1,34,1,1,2,3,1,1,3,1,2,1,4,2, ,3,3,3,2, 
2502658023,1,33,1,1,3,3,1,1,3,1,2,1,4,2, ,3,3,3,2, 
2502962008,1,32,1,1,3,3,1,1,3,1,1,0,5,2, ,3,3,3,2, 
2503202131,1,56,1,1,3,3,1,1,3,1,2,0,1,2, ,3,3,3,2, 
2503292033,1,27,1,1,2,3,1,1,3,1,1,1,1,2, ,3,3,3,2, 
2503717058,1,39,1,1,1,3,1,1,3,1,2,2,5,2, ,3,3,3,2, 
2503954031,1,42,1,1,2,3,1,1,3,1,1,1,4,2, ,3,3,3,2, 
2504064009,1,40,1,1,1,1,1,1,3,1,2,1,2,2, ,3,3,3,2, 
2504299071,1,27,2,1,2,2,1,1,3,1,2,1,5,2, ,3,3,3,2, 
2504845015,1,65,3,1,3,3,1,1,3,1,2,1,5,2, ,3,3,3,2, 
2504860074,1,57,3,1,3,3,2,1,3,1,2,0,2,2, ,3,3,3,2, 
2504860144,1,35,3,1,1,3,1,1,3,1,2,1,5,2, ,3,3,3,2, 
2560325101,1,35,4,1,3,3,1,2,3,1,2,1,5,2, ,3,3,3,2, 
2600323010,1,31,1,1,2,3,1,1,3,1,2,2,4,2, ,3,3,3,2, 
2600373071,1,32,1,1,3,3,1,2,3,1,2,1,2,2, ,3,3,3,2, 
2600683075,1,41,1,1,1,3,1,1,3,1,2,0,4,2, ,3,3,3,2, 
2401081136,1,63,1,1,1,1,1,1,3,1,2,3,4,2, ,3,3,3,1,2
2601995054,1,75,1,1,1,2,1,1,4,1,2,2,4,2, ,1,1,2,2, 
2602251092,1,32,1,1,2,2,1,1,3,1,2,1,1,2, ,3,3,3,2, 
2602560075,1,59,1,1,1,3,1,1,3,1,1,1,5,2, ,3,3,3,2, 
2603686117,1,24,1,1,9,3,1,1,3,1,2,0,5,2, ,3,3,1,2, 
2603861115,1,31,1,1,2,2,1,1,3,1,2,2,5,2, ,3,3,3,2, 
2604246132,1,23,1,1,2,3,1,1,4,1,2,0,4,2, ,3,3,3,2, 
2604644055,1,38,1,1,3,3,1,1,3,2,2,0,4,2, ,3,3,3,2, 
2604644168,1,58,1,1,1,2,1,1,3,2,2,1,5,2, ,3,3,3,2, 
2604696040,1,62,1,1,2,2,1,1,3,1,2,2,6,2, ,3,3,3,2, 
2605088015,1,27,1,1,2,3,1,2,3,1,2,1,5,2, ,3,3,3,2, 
2605713203,1,22,2,1,2,2,1,1,3,1,1,4,2,2, ,3,3,3,2, 
2605763240,1,67,2,1,2,2,1,1,3,1,2,1,3,2, ,3,3,3,2, 
2605919084,1,50,2,1,2,3,1,1,3,1,1,2,4,2, ,3,3,3,2, 
2606227032,1,80,3,1,3,3,1,2,3,1,1,0,5,2, ,1,3,3,2, 
2404049158,1,56,3,1,2,2,1,1,3,1,1,2,1,2, ,3,3,3,1,1
2700012113,1,35,1,1,1,3,1,2,3,1,1,2,4,2, ,3,3,1,2, 
2700127024,1,47,1,1,1,1,1,1,3,1,2,1,1,2, ,3,3,3,2, 
2404116078,1,80,3,1,2,2,1,2,3,1,1,0,5,2, ,3,3,3,1,2
2700355003,1,65,1,1,1,1,1,2,3,1,2,0,4,2, ,3,3,3,2, 
2700577020,1,68,1,1,3,3,1,2,4,1,1,1,2,2, ,3,3,3,2, 
2700618099,1,30,1,1,2,1,1,2,3,1,2,0,5,2, ,3,3,3,2, 
2460362024,1,47,4,1,1,2,1,2,3,3,1,1,5,2, ,3,3,3,1,1
2701333006,1,42,2,1,1,2,1,2,3,1,2,2,4,2, ,3,3,1,2, 
2460497053,1,84,4,1,1,2,1,2,3,3,2,1,5,2, ,3,3,3,1,2
2701688036,1,58,3,1,1,1,1,2,3,1,2,1,1,2, ,3,3,3,2, 
2701688223,1,45,3,1,2,2,1,2,7,1,2,1,4,2, ,3,3,3,2, 
2460497178,1,37,4,1,3,3,3,1,3,3,2,0,1,2, ,3,3,3,1,2
2701877273,1,44,3,1,3,3,1,2,3,1,2,0,5,2, ,3,3,3,2, 
2560409186,1,53,4,1,1,2,1,1,3,1,2,1,5,2, ,3,3,3,1,2
2801175051,1,22,1,1,2,2,1,2,3,1,2,2,5,2, ,3,3,3,2, 
2603031039,1,7,1,1,2,2,1,1,3,1,2,1,4,2, ,3,3,3,1,2
2804039040,1,58,1,1,2,3,1,1,5,1,1,1,1,2, ,3,3,3,2, 
2804767035,1,36,1,1,2,3,1,2,3,1,2,1,3,2, ,3,3,3,2, 
2804956033,1,11,1,1,1,1,1,1,3,1,1,1,4,2, ,3,3,3,2, 
2804956088,1,42,1,1,2,3,1,2,3,1,2,1,2,2, ,3,3,3,2, 
2805845086,1,37,1,1,2,3,1,1,3,1,1,2,5,2, ,3,3,3,2, 
2806097015,1,62,1,1,3,3,1,1,3,1,1,0,1,2, ,3,3,3,2, 
2806203036,1,34,1,1,1,2,1,2,3,1,2,1,5,2, ,3,3,3,2, 
2806391086,1,41,1,1,3,3,1,2,3,1,2,1,2,2, ,3,3,3,2, 
2807004021,1,45,1,1,2,3,1,1,3,1,1,0,4,2, ,3,3,3,2, 
2807420055,1,53,2,1,1,2,1,1,3,1,1,1,1,2, ,3,3,3,2, 
2807510005,1,73,2,1,1,1,1,2,3,1,2,1,5,2, ,3,3,3,2, 
2860120246,1,42,4,1,3,3,1,2,3,1,1,1,2,2, ,3,3,3,2, 
2900037064,1,28,2,1,2,1,1,2,3,1,1,2,2,2, ,3,3,3,2, 
2900236080,1,70,2,1,2,2,2,2,3,1,1,0,1,2, ,3,3,3,2, 
2900324211,1,30,2,1,1,2,1,2,2,1,1,0,4,2, ,3,3,3,2, 
2900363215,1,66,2,1,1,2,1,2,3,1,1,1,2,2, ,3,3,3,2, 
2900443046,1,24,2,1,2,2,1,1,3,1,2,0,5,2, ,3,3,3,2, 
2900501007,1,47,2,1,3,2,1,2,3,1,1,1,4,2, ,3,3,3,2, 
2900510017,1,58,2,1,3,3,1,2,1,1,1,1,1,2, ,3,3,3,2, 
2900772158,1,28,2,1,2,2,1,2,3,1,1,1,2,2, ,3,3,3,2, 
2900830001,1,44,2,1,2,3,2,2,3,1,2,1,5,2, ,3,3,3,2, 
2900909032,1,20,3,1,1,1,1,2,3,1,2,1,5,2, ,3,3,3,2, 
2900909098,1,61,3,1,2,2,2,2,3,1,1,0,2,2, ,3,3,1,2, 
2900909131,1,44,3,1,3,3,2,2,4,1,2,0,5,2, ,3,3,3,2, 
2900970209,1,48,3,1,3,2,1,2,3,1,2,1,2,2, ,3,3,3,2, 
2901007043,1,57,3,1,2,2,1,2,3,1,1,0,2,2, ,3,3,3,2, 
2804829074,1,60,1,1,3,3,1,2,3,1,1,0,1,2, ,3,3,3,1,2
2901025176,1,70,3,1,1,3,1,1,3,1,2,1,4,2, ,3,3,3,2, 
2901025189,1,53,3,1,1,2,1,2,3,1,2,0,5,2, ,3,3,3,2, 
2807510083,1,59,2,1,3,2,1,2,3,1,1,1,5,2, ,1,3,1,1,2
2901136081,1,35,3,2, , ,1,2,3,1,1,0,4,2, ,3,3,3,2, 
2901136097,1,32,3,2, , ,1,2,3,1,1,0,4,2, ,3,3,3,2, 
2901170030,1,33,3,1,2,3,1,2,3,1,2,0,2,2, ,3,3,1,2, 
2900363004,1,59,2, , , ,1,1,3,1,1,0,1,2, ,3,3,3,1,2
2900864021,1,65,2,1,2,2,2,2,3,1,2,1,5,2, ,3,3,3,1,1
2901897074,1,51,3,1,2,3,2,2,3,1,2,1,5,2, ,3,2,3,2, 
2901965066,1,29,3,1,2,3,1,2,3,1,1,0,5,2, ,3,3,3,2, 
2901968079,1,42,3,1,2,1,1,2,3,1,1,2,1,2, ,3,3,2,2, 
2901988240,1,38,3,1,2,2,1,2,3,1,2,1,5,2, ,3,3,3,2, 
2960087081,1,60,4, , , ,2,1,3,1,1,0,5,2, ,3,3,3,2, 
2901129070,1,76,3,1,2,2,1,2,3,1,1,0,5,2, ,3,3,3,1,2
2960131244,1,66,4,1,2,2,2,2,3,1,2,0,1,2, ,3,3,3,2, 
2960207235,1,50,4,1,3,3,1,2,3,1,1,0,1,2, ,3,3,3,2, 
2960247112,1,53,4,1,2,1,1,1,3,1,1,1,1,2, ,3,3,3,2, 
2901581141,1,32,3,1,2,2,1,2,3,1,1,0,4,2, ,3,3,3,1,1
2901716146,1,44,3,1,1,1,1,2,5,2,1,0,1,2, ,3,3,3,1,2
2960247197,1,25,4,1,3,3,1,1,3,1,1,0,6,2, ,1,3,1,2, 
3000089039,1,50,1,1,3,3,1,1,3,1,1,2,2,2, ,3,3,3,2, 
3001079160,1,47,1,1,2,3,1,1,3,1,2,1,1,2, ,3,3,3,2, 
3002407057,1,39,1,1,2,1,2,2,5,1,1,0,6,2, ,3,3,3,2, 
3002407125,1,42,1,1,2,2,1,1,3,1,1,0,5,2, ,3,3,3,2, 
3004810065,1,24,1,1,2,3,1,2,3,1,1,0,5,2, ,3,3,3,2, 
2960087022,1,31,4,1,2,1,2,1,3,1,1,1,1,2, ,3,3,3,1,1
3005272046,1,26,2,1,2,2,1,1,3,1,1,1,1,2, ,2,1,2,2, 
3005272078,1,7,2,2, , ,3,1,3,1,1,0,1,2, ,3,2,3,2, 
3005520008,1,59,2,1,3,1,1,1,3,1,2,0,5,2, ,3,3,3,2, 
3005520152,1,57,2,1,1,2,1,1,3,1,1,1,1,2, ,3,3,3,2, 
3006626144,1,24,2,1,3,3,2,1,3,1,2,0,1,2, ,3,3,3,2, 
2960207140,1,56,4,1,2,2,2,1,3,1,1,0,5,2, ,3,3,3,1,2
3009756148,1,63,3,1,1,3,1,2,3,1,2,2,4,2, ,3,3,3,2, 
2960207274,1,44,4,1,3,1,2,2,3,1,2,0,5,2, ,3,3,3,1,2
3010329114,1,35,3,1,3,3,1,1,1,1,1,1,5,2, ,3,3,3,2, 
3060643145,1,54,4,2, , ,3,2,3,3,1,0,5,2, ,3,3,3,2, 
3060715082,1,27,4,1,2,2,1,1,3,1,1,1,5,2, ,3,3,1,2, 
3061108143,1,56,4,1,3,3,2,2,1,3,2,0,4,2, ,3,1,3,2, 
3005272027,1,31,2,1,2,2,1,1,3,1,2,1,1,2, ,3,3,3,1,2
3007354091,1,63,2,1,1,3,1,2,3,1,2,4,5,2, ,3,3,3,1,2
3062619027,1,62,4,1,3,3,2,2,1,3,1,0,5,2, ,3,3,3,2, 
3100002061,1,82,1,1,3,3,1,2,3,1,1,0,6,2, ,3,3,3,2, 
3100612048,1,44,1,1,9,3,1,1,3,1,1,1,1,2, ,3,3,3,2, 
3100663009,1,12,1,1,1,3,1,2,3,1,1,0,5,2, ,3,3,3,2, 
3100964088,1,36,1,1,2,2,1,1,3,1,1,2,5,2, ,3,3,3,2, 
3100983015,1,77,1,1,1,1,1,1,3,1,2,0,5,2, ,2,2,3,2, 
3101133088,1,20,1,1,3,3,1,1,5,1,1,0,1,2, ,3,3,3,2, 
3101163053,1,30,1,1,2,1,1,2,3,1,1,0,1,2, ,3,3,3,2, 
3102076022,1,45,1,1,3,2,1,1,3,1,1,2,1,2, ,3,3,3,2, 
3102184089,1,37,1,1,3,3,1,1,3,1,2,2,4,2, ,3,3,3,2, 
3102275009,1,64,1, , , ,1,1,3,1,2,0,5,2, ,3,3,3,2, 
3102373092,1,23,1,1,3,3,1,1,3,1,1,1,4,2, ,3,3,3,2, 
3102447041,1,10,2,1,2,2,1,1,3,2,2,0,1,2, ,1,3,3,2, 
3102477060,1,41,2,1,3,2,1,2,3,1,2,1,5,2, ,3,3,1,2, 
3102796239,1,59,2,1,2,3,1,2,3,1,1,4,4,2, ,3,3,3,2, 
3102957044,1,35,2,1,3,3,1,2,3,1,2,2,2,2, ,3,3,3,2, 
3102957163,1,22,2,1,2,3,1,1,3,1,1,0,1,2, ,3,3,3,2, 
3103005007,1,48,2,1,3,3,1,1,3,1,2,1,1,2, ,3,3,3,2, 
3103005064,1,33,2,1,3,3,1,2,3,1,2,1,4,2, ,3,3,3,2, 
3103005124,1,49,2,1,3,3,1,2,3,1,2,0,1,2, ,3,3,3,2, 
3101354103,1,26,1,1,3,3,1,1,3,1,1,1,1,2, ,3,3,3,1,2
3103479247,1,71,3,1,2,3,1,1,1,1,2,1,1,2, ,3,3,3,2, 
3103733006,1,21,3,1,2,2,1,1,3,1,1,0,2,2, ,3,3,3,2, 
3103778122,1,60,3,1,3,3,1,2,1,1,2,0,4,2, ,3,3,3,2, 
3103778153,1,38,3,1,2,2,1,2,1,1,1,0,5,2, ,3,3,3,2, 
3103778190,1,37,3,1,3,2,1,1,1,1,1,0,5,2, ,3,3,3,2, 
3103579032,1,46,3,1,1,3,1,2,3,1,2,0,1,2, ,3,3,3,1,2
3103923415,1,32,3,1,1,1,2,2,1,3,2,0,6,2, ,2,3,3,2, 
3103923217,1,48,3,1,2,2,2,2,1,3,2,0,5,2, ,3,3,3,1,1
3160084189,1,24,4,1,3,1,2,2,1,1,2,0,5,2, ,3,2,2,2, 
3103923511,1,25,3,1,2,2,2,2,1,1,1,0,4,2, ,1,3,1,1,1
3160503149,1,27,4,1,2,2,1,2,1,1,2,0,3,2, ,3,3,3,2, 
3200207090,1,37,1,1,1,1,1,2,3,1,1,1,1,2, ,3,3,3,2, 
3200262107,1,24,1,2, , ,1,1,3,1,1,1,1,2, ,3,3,3,2, 
3200206129,1,50,1,1,2,1,1,2,3,1,2,2,4,2, ,3,3,3,1,2
3200883061,1,67,1,1,3,3,1,2,3,1,1,1,4,2, ,3,3,2,2, 
3200960109,1,33,1,1,2,2,1,1,3,1,1,1,4,2, ,3,3,3,2, 
3201039048,1,27,1,1,3,2,1,2,3,1,2,1,4,2, ,3,3,3,2, 
3201113132,1,42,1,1,2,2,1,1,3,1,2,1,1,2, ,3,3,3,2, 
3201251019,1,54,2,1,3,3,1,1,3,1,2,2,5,2, ,3,3,3,2, 
3201251111,1,60,2,1,3,3,1,1,3,1,2,1,5,2, ,3,3,2,2, 
3200883173,1,37,1,1,3,3,1,2,3,1,1,1,1,2, ,3,3,3,1,2
3201356179,1,48,2,1,2,1,1,2,3,1,2,0,4,2, ,3,3,2,2, 
3201523084,1,23,2,1,2,2,1,1,3,1,2,1,1,2, ,3,3,3,2, 
3201523235,1,25,2,1,3,2,1,1,3,1,2,1,5,2, ,3,3,3,2, 
3201527236,1,41,2,1,2,1,1,2,3,1,2,1,5,2, ,3,3,3,2, 
3201527246,1,27,2,1,2,1,1,1,3,1,2,2,4,2, ,3,3,3,2, 
3202046010,1,32,3,1,2,1,1,2,3,1,2,1,4,2, ,3,3,3,2, 
3202046019,1,39,3,1,2,2,1,2,3,1,1,1,5,2, ,3,3,2,2, 
3202046090,1,47,3,1,3,3,1,2,3,1,1,0,1,2, ,3,3,3,2, 
3202395135,1,28,3,1,3,3,1,1,3,1,2,2,6,2, ,3,3,3,2, 
3202336193,1,64,3,1,3,3,1,2,3,1,1,0,5,2, ,3,3,3,1,2
3260013183,1,28,4,1,3,1,2,1,3,3,1,0,4,2, ,3,3,3,2, 
3260013186,1,38,4,2, , ,3,2,3,3,2,1,4,2, ,3,3,3,2, 
3260197084,1,56,4,1,3,1,2,2,3,3,1,0,5,2, ,2,2,2,1,2
3260197264,1,68,4,1,2,2,2,1,3,3,1,1,5,2, ,3,3,3,2, 
3260601024,1,40,4,1,1,2,1,2,3,3,1,1,1,2, ,3,3,3,2, 
3260729078,1,50,4,1,2,3,1,2,3,1,2,1,2,2, ,3,3,3,1,2
3260729081,1,41,4,1,1,3,2,2,3,1,1,2,1,2, ,3,3,3,2, 
301171118,1,60,3,1,1,1,1,1,3,1,1,1,1,2, ,3,3,3,1,2
